Persistence Method,Source Location,Startup Trigger,Scope,Target Path,Entry or File Name,Details (e.g. Command Line),Target SHA-256 Hash,VirusTotal Detection Summary
"Registry Run","HKCU\Software\Microsoft\Windows\CurrentVersion\Run","At log on","User","C:\Program Files\Adobe\Acrobat DC\Acrobat\AdobeCollabSync.exe","Adobe Acrobat Synchronizer","C:\Program Files\Adobe\Acrobat DC\Acrobat\AdobeCollabSync.exe","67d3937ee07cb2aa001191657f57f3335fb67529b2ea9cf9e9ba621bb706dbc9","No security vendors flagged this file as malicious"
"Registry Run","HKCU\Software\Microsoft\Windows\CurrentVersion\Run","At log on","User","C:\Users\mikew\AppData\Local\Programs\Messenger\Messenger.exe","com.messenger","C:\Users\mikew\AppData\Local\Programs\Messenger\Messenger.exe messenger://openAtLogin","144b94fd7a313842819637591fe2d1ccd265c09e39446f1e540fa72ae476e0ba","No security vendors flagged this file as malicious"
"Registry Run","HKCU\Software\Microsoft\Windows\CurrentVersion\Run","At log on","User","C:\Program Files (x86)\Microsoft\Edge\Application\msedge.exe","MicrosoftEdgeAutoLaunch_64FEFB118B7A92473D2C5CAF07457E99","C:\Program Files (x86)\Microsoft\Edge\Application\msedge.exe --no-startup-window --win-session-start","1abb4bd06306c5ebf9302c6d3c8e337d6599098bba69699d0082bfd66c1f45a0","No security vendors flagged this file as malicious"
"Registry Run","HKCU\Software\Microsoft\Windows\CurrentVersion\Run","At log on","User","C:\Program Files\Microsoft OneDrive\OneDrive.exe","OneDrive","C:\Program Files\Microsoft OneDrive\OneDrive.exe /background","bcd025f3ce6cefeb950b2a02c01beccfb0a6c8465841ad879e93421418e31b46","No security vendors flagged this file as malicious"
"Registry Run","HKCU\Software\Microsoft\Windows\CurrentVersion\Run","At log on","User","C:\Program Files\OpenVPN\bin\openvpn-gui.exe","OpenVPN-GUI","C:\Program Files\OpenVPN\bin\openvpn-gui.exe","2d9b05b71aa6e541f2cab0cc386dd9afff97b5231b455c3b3ba87bacebafc3e2","No security vendors flagged this file as malicious"
"Registry Run","HKLM\Software\Microsoft\Windows\CurrentVersion\Run","At log on","Machine","C:\Program Files\Realtek\Audio\HDA\RAVBg64.exe","RtHDVBg_PushButton","C:\Program Files\Realtek\Audio\HDA\RAVBg64.exe /IM","e7ec22534ed990cdd38d3fb78969050a5a8081087000b6a6ea001e3ffa511049","No security vendors flagged this file as malicious"
"Registry Run","HKLM\Software\Microsoft\Windows\CurrentVersion\Run","At log on","Machine","C:\Program Files\Realtek\Audio\HDA\RtkNGUI64.exe","RTHDVCPL","C:\Program Files\Realtek\Audio\HDA\RtkNGUI64.exe -s","6e52e1c976a501c57f2fbb456d31673603fc5c36f1bcdbaaf03695d51d62c566","No security vendors flagged this file as malicious"
"Registry Run","HKLM\Software\Microsoft\Windows\CurrentVersion\Run","At log on","Machine","C:\WINDOWS\system32\SecurityHealthSystray.exe","SecurityHealth","C:\WINDOWS\system32\SecurityHealthSystray.exe","0235838bc7668b37cf7bb534f927fda83a04b0076a5a37097a4741c840d744be","No security vendors flagged this file as malicious"
"Registry Run","HKCU\Software\Microsoft\Windows\CurrentVersion\Run","At log on","User","C:\Users\mikew\AppData\Local\Viber\Viber.exe","Viber","C:\Users\mikew\AppData\Local\Viber\Viber.exe AutoStart","5d4b95b51fba0a9cf346a09ebf2419e3322677d741cd089fe6212f7eb973ba1d","No security vendors flagged this file as malicious"
"Registry Run","HKLM\Software\Microsoft\Windows\CurrentVersion\Run","At log on","Machine","C:\Program Files\Waves\MaxxAudio\WavesSvc64.exe","WavesSvc","C:\Program Files\Waves\MaxxAudio\WavesSvc64.exe -Jack","f252732c975bbb4c0628034b9efcd4981c37366b34fac5b0eadde84804f01057","No security vendors flagged this file as malicious"
"Services","HKLM\SYSTEM\CurrentControlSet\Services\NetMsmqActivator","At system startup","Machine","C:\WINDOWS\Microsoft.NET\Framework64\v4.0.30319\SMSvcHost.exe","Adapter odbiornika Net.Msmq (NetMsmqActivator)","C:\WINDOWS\Microsoft.NET\Framework64\v4.0.30319\SMSvcHost.exe -NetMsmqActivator | Automatic","d4049183b485b44da95a359cf9dae14934aa95cfb542ee4721e7038e3f38c5b5","No security vendors flagged this file as malicious"
"Services","HKLM\SYSTEM\CurrentControlSet\Services\NetPipeActivator","At system startup","Machine","C:\WINDOWS\Microsoft.NET\Framework64\v4.0.30319\SMSvcHost.exe","Adapter odbiornika Net.Pipe (NetPipeActivator)","C:\WINDOWS\Microsoft.NET\Framework64\v4.0.30319\SMSvcHost.exe | Automatic","d4049183b485b44da95a359cf9dae14934aa95cfb542ee4721e7038e3f38c5b5","No security vendors flagged this file as malicious"
"Services","HKLM\SYSTEM\CurrentControlSet\Services\NetTcpActivator","At system startup","Machine","C:\WINDOWS\Microsoft.NET\Framework64\v4.0.30319\SMSvcHost.exe","Adapter odbiornika Net.Tcp (NetTcpActivator)","C:\WINDOWS\Microsoft.NET\Framework64\v4.0.30319\SMSvcHost.exe | Automatic","d4049183b485b44da95a359cf9dae14934aa95cfb542ee4721e7038e3f38c5b5","No security vendors flagged this file as malicious"
"Services","HKLM\SYSTEM\CurrentControlSet\Services\AdobeARMservice","At system startup","Machine","C:\Program Files (x86)\Common Files\Adobe\ARM\1.0\armsvc.exe","Adobe Acrobat Update Service (AdobeARMservice)","C:\Program Files (x86)\Common Files\Adobe\ARM\1.0\armsvc.exe | Automatic","48f8b40e023e8ae9b60d757d822f0d0ce14e31fec9e35c3ccf776830488496fb","No security vendors flagged this file as malicious"
"Services","HKLM\SYSTEM\CurrentControlSet\Services\ApHidMonitorService","At system startup","Machine","C:\WINDOWS\system32\DellTPad\HidMonitorSvc.exe","AlpsAlpine HID Monitor Service (ApHidMonitorService)","C:\WINDOWS\system32\DellTPad\HidMonitorSvc.exe | Automatic","58e7268d6df4e90688750701012565af16aff3a143277886c896bb8e671cd9d1","No security vendors flagged this file as malicious"
"Services","HKLM\SYSTEM\CurrentControlSet\Services\AppXSvc","At system startup","Machine","C:\WINDOWS\system32\svchost.exe","AppX Deployment Service (AppXSVC) (AppXSvc)","C:\WINDOWS\system32\svchost.exe -k wsappx -p | Automatic","53a39b900e3bfbf384acd13f0fc2329fa8d42b61e993d8ed5adf3a1428005d26","No security vendors flagged this file as malicious"
"Services","HKLM\SYSTEM\CurrentControlSet\Services\WlanSvc","At system startup","Machine","C:\WINDOWS\system32\svchost.exe","Autokonfiguracja sieci WLAN (WlanSvc)","C:\WINDOWS\system32\svchost.exe -k LocalSystemNetworkRestricted -p | Automatic","53a39b900e3bfbf384acd13f0fc2329fa8d42b61e993d8ed5adf3a1428005d26","No security vendors flagged this file as malicious"
"Services","HKLM\SYSTEM\CurrentControlSet\Services\SystemEventsBroker","At system startup","Machine","C:\WINDOWS\system32\svchost.exe","Broker zdarzeń systemowych (SystemEventsBroker)","C:\WINDOWS\system32\svchost.exe -k DcomLaunch -p | Automatic","53a39b900e3bfbf384acd13f0fc2329fa8d42b61e993d8ed5adf3a1428005d26","No security vendors flagged this file as malicious"
"Services","HKLM\SYSTEM\CurrentControlSet\Services\Spooler","At system startup","Machine","C:\WINDOWS\System32\spoolsv.exe","Bufor wydruku (Spooler)","C:\WINDOWS\System32\spoolsv.exe | Automatic","6602f76dfcc15be405b48711e61017bad6fba593748c3b03166578f1cb30b05f","No security vendors flagged this file as malicious"
"Services","HKLM\SYSTEM\CurrentControlSet\Services\wscsvc","At system startup","Machine","C:\WINDOWS\System32\svchost.exe","Centrum zabezpieczeń (wscsvc)","C:\WINDOWS\System32\svchost.exe -k LocalServiceNetworkRestricted -p | Automatic (Delayed Start)","53a39b900e3bfbf384acd13f0fc2329fa8d42b61e993d8ed5adf3a1428005d26","No security vendors flagged this file as malicious"
"Services","HKLM\SYSTEM\CurrentControlSet\Services\CMigrationService","At system startup","Machine","C:\Program Files (x86)\Samsung\Samsung Magician\MigrationService\MigrationService.exe","CMigrationService (CMigrationService)","C:\Program Files (x86)\Samsung\Samsung Magician\MigrationService\MigrationService.exe | Automatic","372739fc23dfa8bbf2f526556463ee5fb0792ab673afb5d609d322c952e165fc","No security vendors flagged this file as malicious"
"Services","HKLM\SYSTEM\CurrentControlSet\Services\CoreMessagingRegistrar","At system startup","Machine","C:\WINDOWS\system32\svchost.exe","CoreMessaging (CoreMessagingRegistrar)","C:\WINDOWS\system32\svchost.exe -k LocalServiceNoNetwork -p | Automatic","53a39b900e3bfbf384acd13f0fc2329fa8d42b61e993d8ed5adf3a1428005d26","No security vendors flagged this file as malicious"
"Services","HKLM\SYSTEM\CurrentControlSet\Services\hostcontrolsvc","At system startup","Machine","C:\WINDOWS\System32\HostControlService.exe","Credential Vault Host Control Service (hostcontrolsvc)","C:\WINDOWS\System32\HostControlService.exe | Automatic","921fb6b019316f5c87c30b17274c0934a50ed8579b362da17b754aa689e76c01","No security vendors flagged this file as malicious"
"Services","HKLM\SYSTEM\CurrentControlSet\Services\hoststoragesvc","At system startup","Machine","C:\WINDOWS\System32\HostStorageService.exe","Credential Vault Host Storage (hoststoragesvc)","C:\WINDOWS\System32\HostStorageService.exe | Automatic","b7e38ec16ac6bc04d4e730fdf4a47246f54d6af035e6452f689cc5cfe11315d3","No security vendors flagged this file as malicious"
"Services","HKLM\SYSTEM\CurrentControlSet\Services\ushupgradesvc","At system startup","Machine","C:\WINDOWS\System32\UshUpgradeService.exe","Credential Vault Upgrade Service (ushupgradesvc)","C:\WINDOWS\System32\UshUpgradeService.exe | Automatic","fc912c5b812f8722b1286f1c97905c65a220b168728e11b7449d4f6e28b09016","No security vendors flagged this file as malicious"
"Services","HKLM\SYSTEM\CurrentControlSet\Services\DellClientManagementService","At system startup","Machine","C:\Program Files (x86)\Dell\UpdateService\ServiceShell.exe","Dell Client Management Service (DellClientManagementService)","C:\Program Files (x86)\Dell\UpdateService\ServiceShell.exe | Automatic (Delayed Start)","12c871a4c3a9e8b27037b229704ad7af8ecaeffe61bacb37f769cb8d9b94b0df","No security vendors flagged this file as malicious"
"Services","HKLM\SYSTEM\CurrentControlSet\Services\DellFFDPWmiService","At system startup","Machine","C:\WINDOWS\System32\drivers\DellFFDPWmiService.exe","Dell Free Fall Data Protection WMI Service (DellFFDPWmiService)","C:\WINDOWS\System32\drivers\DellFFDPWmiService.exe | Automatic","8ceda398ae2240ed7d61be29e31060be4123a5daa89ae1e0f9a0118a7bb0fd44","No security vendors flagged this file as malicious"
"Services","HKLM\SYSTEM\CurrentControlSet\Services\SupportAssistAgent","At system startup","Machine","C:\Program Files\Dell\SupportAssistAgent\bin\SupportAssistAgent.exe","Dell SupportAssist (SupportAssistAgent)","C:\Program Files\Dell\SupportAssistAgent\bin\SupportAssistAgent.exe | Automatic (Delayed Start)","7c09f15b8449d71f168b6699a0a56f1686964eb96e14b3c02cd7d86cc7ddd0d5","No security vendors flagged this file as malicious"
"Services","HKLM\SYSTEM\CurrentControlSet\Services\DellTechHub","At system startup","Machine","C:\Program Files\Dell\TechHub\Dell.TechHub.exe","Dell TechHub (DellTechHub)","C:\Program Files\Dell\TechHub\Dell.TechHub.exe | Automatic","a56195c596f8812a1739bcdeef26481ad6312c001dc4b09fdc6e33938f51fc20","No security vendors flagged this file as malicious"
"Services","HKLM\SYSTEM\CurrentControlSet\Services\EventLog","At system startup","Machine","C:\WINDOWS\System32\svchost.exe","Dziennik zdarzeń Windows (EventLog)","C:\WINDOWS\System32\svchost.exe -k LocalServiceNetworkRestricted -p | Automatic","53a39b900e3bfbf384acd13f0fc2329fa8d42b61e993d8ed5adf3a1428005d26","No security vendors flagged this file as malicious"
"Services","HKLM\SYSTEM\CurrentControlSet\Services\Schedule","At system startup","Machine","C:\WINDOWS\system32\svchost.exe","Harmonogram zadań (Schedule)","C:\WINDOWS\system32\svchost.exe -k netsvcs -p | Automatic","53a39b900e3bfbf384acd13f0fc2329fa8d42b61e993d8ed5adf3a1428005d26","No security vendors flagged this file as malicious"
"Services","HKLM\SYSTEM\CurrentControlSet\Services\Winmgmt","At system startup","Machine","C:\WINDOWS\system32\svchost.exe","Instrumentacja zarządzania Windows (Winmgmt)","C:\WINDOWS\system32\svchost.exe -k netsvcs -p | Automatic","53a39b900e3bfbf384acd13f0fc2329fa8d42b61e993d8ed5adf3a1428005d26","No security vendors flagged this file as malicious"
"Services","HKLM\SYSTEM\CurrentControlSet\Services\IntelAudioService","At system startup","Machine","C:\WINDOWS\system32\cAVS\Intel(R) Audio Service\IntelAudioService.exe","Intel(R) Audio Service (IntelAudioService)","C:\WINDOWS\system32\cAVS\Intel(R) Audio Service\IntelAudioService.exe | Automatic","462eacc2c738eff459fddd79a1a741b219b7b752a658dcd764df13ad1c3f6651","No security vendors flagged this file as malicious"
"Services","HKLM\SYSTEM\CurrentControlSet\Services\cplspcon","At system startup","Machine","C:\WINDOWS\System32\DriverStore\FileRepository\iigd_dch.inf_amd64_30c72947a1f2fc36\IntelCpHDCPSvc.exe","Intel(R) Content Protection HDCP Service (cplspcon)","C:\WINDOWS\System32\DriverStore\FileRepository\iigd_dch.inf_amd64_30c72947a1f2fc36\IntelCpHDCPSvc.exe | Automatic","dda4eb6bbb34e367bdaf35f1356d3702a7247fccdd29583dc22fdf7e1ce2d911","No security vendors flagged this file as malicious"
"Services","HKLM\SYSTEM\CurrentControlSet\Services\jhi_service","At system startup","Machine","C:\WINDOWS\System32\jhi_service.exe","Intel(R) Dynamic Application Loader Host Interface Service (jhi_service)","C:\WINDOWS\System32\jhi_service.exe | Automatic (Delayed Start)","06dc78b0daef262a066dbef082f1caa075fa91dde34ab3656c694224f0abb717","No security vendors flagged this file as malicious"
"Services","HKLM\SYSTEM\CurrentControlSet\Services\esifsvc","At system startup","Machine","C:\WINDOWS\System32\DriverStore\FileRepository\dptf_cpu.inf_amd64_c2c5b0e17a28a48f\esif_uf.exe","Intel(R) Dynamic Tuning service (esifsvc)","C:\WINDOWS\System32\DriverStore\FileRepository\dptf_cpu.inf_amd64_c2c5b0e17a28a48f\esif_uf.exe | Automatic","75e93242cfbf6daba641a1ba6f833708fc1c07bc8aae1fc6d5a4929a49d9fe2b","No security vendors flagged this file as malicious"
"Services","HKLM\SYSTEM\CurrentControlSet\Services\igccservice","At system startup","Machine","C:\WINDOWS\System32\DriverStore\FileRepository\igcc_dch.inf_amd64_4d06d7f3655985a2\OneApp.IGCC.WinService.exe","Intel(R) Graphics Command Center Service (igccservice)","C:\WINDOWS\System32\DriverStore\FileRepository\igcc_dch.inf_amd64_4d06d7f3655985a2\OneApp.IGCC.WinService.exe | Automatic","2f395bc8dde5774b003ab8285998d7bea9c7680fbf4ebd715c9c6326cb0d18dd","No security vendors flagged this file as malicious"
"Services","HKLM\SYSTEM\CurrentControlSet\Services\igfxCUIService2.0.0.0","At system startup","Machine","C:\WINDOWS\System32\DriverStore\FileRepository\cui_dch.inf_amd64_0bd497310795eeb4\igfxCUIService.exe","Intel(R) HD Graphics Control Panel Service (igfxCUIService2.0.0.0)","C:\WINDOWS\System32\DriverStore\FileRepository\cui_dch.inf_amd64_0bd497310795eeb4\igfxCUIService.exe | Automatic","9bcc1672de269e41b64fe16e66c2f0715035aeefe4b21165e553f67ed9e4805a","No security vendors flagged this file as malicious"
"Services","HKLM\SYSTEM\CurrentControlSet\Services\LMS","At system startup","Machine","C:\WINDOWS\Intel\Intel(R) Management Engine Components\LMS\LMS.exe","Intel(R) Management and Security Application Local Management Service (LMS)","C:\WINDOWS\Intel\Intel(R) Management Engine Components\LMS\LMS.exe | Automatic","ac62e4072c8ca38581a2f7fbd900565440412194eec30ad00d4c591b7c56b8e3","No security vendors flagged this file as malicious"
"Services","HKLM\SYSTEM\CurrentControlSet\Services\WMIRegistrationService","At system startup","Machine","C:\WINDOWS\System32\DriverStore\FileRepository\mewmiprov.inf_amd64_d51901c26227fb29\WMIRegistrationService.exe","Intel(R) Management Engine WMI Provider Registration (WMIRegistrationService)","C:\WINDOWS\System32\DriverStore\FileRepository\mewmiprov.inf_amd64_d51901c26227fb29\WMIRegistrationService.exe | Automatic","3009fd5e73f701581d4c48c544378ba5e58115751224d0763cbb302d3e604763","No security vendors flagged this file as malicious"
"Services","HKLM\SYSTEM\CurrentControlSet\Services\RstMwService","At system startup","Machine","C:\WINDOWS\System32\DriverStore\FileRepository\iastorac.inf_amd64_9c788f1d162b1224\RstMwService.exe","Intel(R) Storage Middleware Service (RstMwService)","C:\WINDOWS\System32\DriverStore\FileRepository\iastorac.inf_amd64_9c788f1d162b1224\RstMwService.exe | Automatic","1e56ebcdc6b7bebf21deb8ff5398f2cba956b3ec47073851cf7473feb7b56db0","No security vendors flagged this file as malicious"
"Services","HKLM\SYSTEM\CurrentControlSet\Services\Intel(R) TPM Provisioning Service","At system startup","Machine","C:\WINDOWS\System32\DriverStore\FileRepository\iclsclient.inf_amd64_fc84dfa25a6a7727\lib\TPMProvisioningService.exe","Intel(R) TPM Provisioning Service (Intel(R) TPM Provisioning Service)","C:\WINDOWS\System32\DriverStore\FileRepository\iclsclient.inf_amd64_fc84dfa25a6a7727\lib\TPMProvisioningService.exe | Automatic","d983ddb80bbd84b3d4291185b7a3d5d78f7cd5b9d8314611bc0ebc71efaebfab","No security vendors flagged this file as malicious"
"Services","HKLM\SYSTEM\CurrentControlSet\Services\KSDE5.22","At system startup","Machine","C:\Program Files (x86)\Kaspersky Lab\Kaspersky VPN 5.22\ksde.exe","Kaspersky VPN Secure Connection Service 5.22 (KSDE5.22)","C:\Program Files (x86)\Kaspersky Lab\Kaspersky VPN 5.22\ksde.exe -r | Automatic (Delayed Start)","963c849e341d4eb64d4c3de6c3ed5ef3e0d05680a9a1f3accdcbe4c7b59abdd5","No security vendors flagged this file as malicious"
"Services","HKLM\SYSTEM\CurrentControlSet\Services\Dhcp","At system startup","Machine","C:\WINDOWS\system32\svchost.exe","Klient DHCP (Dhcp)","C:\WINDOWS\system32\svchost.exe -k LocalServiceNetworkRestricted -p | Automatic","53a39b900e3bfbf384acd13f0fc2329fa8d42b61e993d8ed5adf3a1428005d26","No security vendors flagged this file as malicious"
"Services","HKLM\SYSTEM\CurrentControlSet\Services\Dnscache","At system startup","Machine","C:\WINDOWS\system32\svchost.exe","Klient DNS (Dnscache)","C:\WINDOWS\system32\svchost.exe -k NetworkService -p | Automatic","53a39b900e3bfbf384acd13f0fc2329fa8d42b61e993d8ed5adf3a1428005d26","No security vendors flagged this file as malicious"
"Services","HKLM\SYSTEM\CurrentControlSet\Services\gpsvc","At system startup","Machine","C:\WINDOWS\system32\svchost.exe","Klient zasad grupy (gpsvc)","C:\WINDOWS\system32\svchost.exe -k GPSvcGroup | Automatic","53a39b900e3bfbf384acd13f0fc2329fa8d42b61e993d8ed5adf3a1428005d26","No security vendors flagged this file as malicious"
"Services","HKLM\SYSTEM\CurrentControlSet\Services\TrkWks","At system startup","Machine","C:\WINDOWS\System32\svchost.exe","Klient śledzenia linków rozproszonych (TrkWks)","C:\WINDOWS\System32\svchost.exe -k LocalSystemNetworkRestricted -p | Automatic","53a39b900e3bfbf384acd13f0fc2329fa8d42b61e993d8ed5adf3a1428005d26","No security vendors flagged this file as malicious"
"Services","HKLM\SYSTEM\CurrentControlSet\Services\MSMQ","At system startup","Machine","C:\WINDOWS\system32\mqsvc.exe","Kolejkowanie komunikatów (MSMQ)","C:\WINDOWS\system32\mqsvc.exe | Automatic","d88eeb1500c559b2ca1f77ab7aaf8039e0d913b111fb23851bb462009e8864b1","No security vendors flagged this file as malicious"
"Services","HKLM\SYSTEM\CurrentControlSet\Services\Wecsvc","At system startup","Machine","C:\WINDOWS\system32\svchost.exe","Kolektor zdarzeń systemu Windows (Wecsvc)","C:\WINDOWS\system32\svchost.exe -k NetworkService -p | Automatic","53a39b900e3bfbf384acd13f0fc2329fa8d42b61e993d8ed5adf3a1428005d26","No security vendors flagged this file as malicious"
"Services","HKLM\SYSTEM\CurrentControlSet\Services\Themes","At system startup","Machine","C:\WINDOWS\System32\svchost.exe","Kompozycje (Themes)","C:\WINDOWS\System32\svchost.exe -k netsvcs -p | Automatic","53a39b900e3bfbf384acd13f0fc2329fa8d42b61e993d8ed5adf3a1428005d26","No security vendors flagged this file as malicious"
"Services","HKLM\SYSTEM\CurrentControlSet\Services\whesvc","At system startup","Machine","C:\WINDOWS\system32\svchost.exe","Kondycja systemu Windows i zoptymalizowane środowiska (whesvc)","C:\WINDOWS\system32\svchost.exe -k whesvc -p | Automatic (Delayed Start)","53a39b900e3bfbf384acd13f0fc2329fa8d42b61e993d8ed5adf3a1428005d26","No security vendors flagged this file as malicious"
"Services","HKLM\SYSTEM\CurrentControlSet\Services\AudioEndpointBuilder","At system startup","Machine","C:\WINDOWS\System32\svchost.exe","Konstruktor punktów końcowych audio systemu Windows (AudioEndpointBuilder)","C:\WINDOWS\System32\svchost.exe -k LocalSystemNetworkRestricted -p | Automatic","53a39b900e3bfbf384acd13f0fc2329fa8d42b61e993d8ed5adf3a1428005d26","No security vendors flagged this file as malicious"
"Services","HKLM\SYSTEM\CurrentControlSet\Services\MDCoreSvc","At system startup","Machine","C:\ProgramData\Microsoft\Windows Defender\Platform\4.18.25110.6-0\MpDefenderCoreService.exe","MDCoreSvc (MDCoreSvc)","C:\ProgramData\Microsoft\Windows Defender\Platform\4.18.25110.6-0\MpDefenderCoreService.exe | Automatic","0e174f23134e5cf11d239f8290ce038521729b71190de1844500530682ab896c","No security vendors flagged this file as malicious"
"Services","HKLM\SYSTEM\CurrentControlSet\Services\SamSs","At system startup","Machine","C:\WINDOWS\system32\lsass.exe","Menedżer kont zabezpieczeń (SamSs)","C:\WINDOWS\system32\lsass.exe | Automatic","e1ee1af31d08430675101ef7c80f4df963501b675abd9d042d105f827ef6b7ae","No security vendors flagged this file as malicious"
"Services","HKLM\SYSTEM\CurrentControlSet\Services\MapsBroker","At system startup","Machine","C:\WINDOWS\System32\svchost.exe","Menedżer pobranych map (MapsBroker)","C:\WINDOWS\System32\svchost.exe -k NetworkService -p | Automatic (Delayed Start)","53a39b900e3bfbf384acd13f0fc2329fa8d42b61e993d8ed5adf3a1428005d26","No security vendors flagged this file as malicious"
"Services","HKLM\SYSTEM\CurrentControlSet\Services\Wcmsvc","At system startup","Machine","C:\WINDOWS\system32\svchost.exe","Menedżer połączeń systemu Windows (Wcmsvc)","C:\WINDOWS\system32\svchost.exe -k LocalServiceNetworkRestricted -p -s Wcmsvc | Automatic","53a39b900e3bfbf384acd13f0fc2329fa8d42b61e993d8ed5adf3a1428005d26","No security vendors flagged this file as malicious"
"Services","HKLM\SYSTEM\CurrentControlSet\Services\LSM","At system startup","Machine","C:\WINDOWS\system32\svchost.exe","Menedżer sesji lokalnej (LSM)","C:\WINDOWS\system32\svchost.exe -k DcomLaunch -p | Automatic","53a39b900e3bfbf384acd13f0fc2329fa8d42b61e993d8ed5adf3a1428005d26","No security vendors flagged this file as malicious"
"Services","HKLM\SYSTEM\CurrentControlSet\Services\UserManager","At system startup","Machine","C:\WINDOWS\system32\svchost.exe","Menedżer użytkowników (UserManager)","C:\WINDOWS\system32\svchost.exe -k netsvcs -p | Automatic","53a39b900e3bfbf384acd13f0fc2329fa8d42b61e993d8ed5adf3a1428005d26","No security vendors flagged this file as malicious"
"Services","HKLM\SYSTEM\CurrentControlSet\Services\edgeupdate","At system startup","Machine","C:\Program Files (x86)\Microsoft\EdgeUpdate\MicrosoftEdgeUpdate.exe","Microsoft Edge Update Service (edgeupdate) (edgeupdate)","C:\Program Files (x86)\Microsoft\EdgeUpdate\MicrosoftEdgeUpdate.exe /svc | Automatic (Delayed Start)","955b5950fd92e5c5eec395b022566c9a2594ca3126d894408e2e29ba25d8b0dd","No security vendors flagged this file as malicious"
"Services","HKLM\SYSTEM\CurrentControlSet\Services\ClickToRunSvc","At system startup","Machine","C:\Program Files\Common Files\Microsoft Shared\ClickToRun\OfficeClickToRun.exe","Microsoft Office Click-to-Run Service (ClickToRunSvc)","C:\Program Files\Common Files\Microsoft Shared\ClickToRun\OfficeClickToRun.exe /service | Automatic","f1b866a7e82bff4525a5ddcbc645381fc84941c605cf1516a7ebe893916ea5ae","No security vendors flagged this file as malicious"
"Services","HKLM\SYSTEM\CurrentControlSet\Services\IKEEXT","At system startup","Machine","C:\WINDOWS\system32\svchost.exe","Moduły obsługi kluczy IPsec IKE i AuthIP (IKEEXT)","C:\WINDOWS\system32\svchost.exe -k netsvcs -p | Automatic","53a39b900e3bfbf384acd13f0fc2329fa8d42b61e993d8ed5adf3a1428005d26","No security vendors flagged this file as malicious"
"Services","HKLM\SYSTEM\CurrentControlSet\Services\sppsvc","At system startup","Machine","C:\WINDOWS\system32\sppsvc.exe","Ochrona oprogramowania (sppsvc)","C:\WINDOWS\system32\sppsvc.exe | Automatic (Delayed Start)","6af5df538df6123cb48cb4f093efc1fb6f70366def0fc786beb80fc0dc8469e2","No security vendors flagged this file as malicious"
"Services","HKLM\SYSTEM\CurrentControlSet\Services\OpenVPNServiceInteractive","At system startup","Machine","C:\Program Files\OpenVPN\bin\openvpnserv.exe","OpenVPN Interactive Service (OpenVPNServiceInteractive)","C:\Program Files\OpenVPN\bin\openvpnserv.exe | Automatic","6e51de1b4ba02096aeaec7e8881e8b5835987a57be49ef654d9caaeb9340a5b4","No security vendors flagged this file as malicious"
"Services","HKLM\SYSTEM\CurrentControlSet\Services\OpenVPNService","At system startup","Machine","C:\Program Files\OpenVPN\bin\openvpnserv2.exe","OpenVPNService (OpenVPNService)","C:\Program Files\OpenVPN\bin\openvpnserv2.exe | Automatic","d1e995a2d32e7833a369aa849e8b877162e07c1a161c6dccb95ca2052fc8b1e7","No security vendors flagged this file as malicious"
"Services","HKLM\SYSTEM\CurrentControlSet\Services\DoSvc","At system startup","Machine","C:\WINDOWS\System32\svchost.exe","Optymalizacja dostarczania (DoSvc)","C:\WINDOWS\System32\svchost.exe -k NetworkService -p | Automatic (Delayed Start)","53a39b900e3bfbf384acd13f0fc2329fa8d42b61e993d8ed5adf3a1428005d26","No security vendors flagged this file as malicious"
"Services","HKLM\SYSTEM\CurrentControlSet\Services\BFE","At system startup","Machine","C:\WINDOWS\system32\svchost.exe","Podstawowy aparat filtrowania (BFE)","C:\WINDOWS\system32\svchost.exe -k LocalServiceNoNetworkFirewall -p | Automatic","53a39b900e3bfbf384acd13f0fc2329fa8d42b61e993d8ed5adf3a1428005d26","No security vendors flagged this file as malicious"
"Services","HKLM\SYSTEM\CurrentControlSet\Services\iphlpsvc","At system startup","Machine","C:\WINDOWS\System32\svchost.exe","Pomoc IP (iphlpsvc)","C:\WINDOWS\System32\svchost.exe -k NetSvcs -p | Automatic","53a39b900e3bfbf384acd13f0fc2329fa8d42b61e993d8ed5adf3a1428005d26","No security vendors flagged this file as malicious"
"Services","HKLM\SYSTEM\CurrentControlSet\Services\RpcEptMapper","At system startup","Machine","C:\WINDOWS\system32\svchost.exe","Program mapowania punktów końcowych wywołań RPC (RpcEptMapper)","C:\WINDOWS\system32\svchost.exe -k RPCSS -p | Automatic","53a39b900e3bfbf384acd13f0fc2329fa8d42b61e993d8ed5adf3a1428005d26","No security vendors flagged this file as malicious"
"Services","HKLM\SYSTEM\CurrentControlSet\Services\DcomLaunch","At system startup","Machine","C:\WINDOWS\system32\svchost.exe","Program uruchamiający proces serwera DCOM (DcomLaunch)","C:\WINDOWS\system32\svchost.exe -k DcomLaunch -p | Automatic","53a39b900e3bfbf384acd13f0fc2329fa8d42b61e993d8ed5adf3a1428005d26","No security vendors flagged this file as malicious"
"Services","HKLM\SYSTEM\CurrentControlSet\Services\RtkAudioService","At system startup","Machine","C:\Program Files\Realtek\Audio\HDA\RtkAudioService64.exe","Realtek Audio Service (RtkAudioService)","C:\Program Files\Realtek\Audio\HDA\RtkAudioService64.exe | Automatic","f00b31124783ea0cdda33606351019ec94f2c9ffe26c31d42250b775bcf1a464","No security vendors flagged this file as malicious"
"Services","HKLM\SYSTEM\CurrentControlSet\Services\SamsungMagicianSVC","At system startup","Machine","C:\Program Files (x86)\Samsung\Samsung Magician\SamsungMagicianSVC.exe","SamsungMagicianSVC (SamsungMagicianSVC)","C:\Program Files (x86)\Samsung\Samsung Magician\SamsungMagicianSVC.exe | Automatic","6a5e95024d7b7cfdff6cfd691d969dc8fc821e2f2355d12043f5c1b3043904be","No security vendors flagged this file as malicious"
"Services","HKLM\SYSTEM\CurrentControlSet\Services\LanmanServer","At system startup","Machine","C:\WINDOWS\system32\svchost.exe","Serwer (LanmanServer)","C:\WINDOWS\system32\svchost.exe -k netsvcs -p | Automatic","53a39b900e3bfbf384acd13f0fc2329fa8d42b61e993d8ed5adf3a1428005d26","No security vendors flagged this file as malicious"
"Services","HKLM\SYSTEM\CurrentControlSet\Services\LanmanWorkstation","At system startup","Machine","C:\WINDOWS\System32\svchost.exe","Stacja robocza (LanmanWorkstation)","C:\WINDOWS\System32\svchost.exe -k NetworkService -p | Automatic","53a39b900e3bfbf384acd13f0fc2329fa8d42b61e993d8ed5adf3a1428005d26","No security vendors flagged this file as malicious"
"Services","HKLM\SYSTEM\CurrentControlSet\Services\OneSyncSvc_eb1c3","At system startup","Machine","C:\WINDOWS\system32\svchost.exe","Synchronizuj hosta_eb1c3 (OneSyncSvc_eb1c3)","C:\WINDOWS\system32\svchost.exe -k UnistackSvcGroup | Automatic","53a39b900e3bfbf384acd13f0fc2329fa8d42b61e993d8ed5adf3a1428005d26","No security vendors flagged this file as malicious"
"Services","HKLM\SYSTEM\CurrentControlSet\Services\SysMain","At system startup","Machine","C:\WINDOWS\system32\svchost.exe","SysMain (SysMain)","C:\WINDOWS\system32\svchost.exe -k LocalSystemNetworkRestricted -p | Automatic","53a39b900e3bfbf384acd13f0fc2329fa8d42b61e993d8ed5adf3a1428005d26","No security vendors flagged this file as malicious"
"Services","HKLM\SYSTEM\CurrentControlSet\Services\Sysmon","At system startup","Machine","C:\Windows\Sysmon.exe","Sysmon (Sysmon)","C:\Windows\Sysmon.exe | Automatic","5485ca7e2be4afc76aadd97536192cf2850228fe338083d6bab4c981bd6ddf92","No security vendors flagged this file as malicious"
"Services","HKLM\SYSTEM\CurrentControlSet\Services\EventSystem","At system startup","Machine","C:\WINDOWS\system32\svchost.exe","System zdarzeń COM+ (EventSystem)","C:\WINDOWS\system32\svchost.exe -k LocalService -p | Automatic","53a39b900e3bfbf384acd13f0fc2329fa8d42b61e993d8ed5adf3a1428005d26","No security vendors flagged this file as malicious"
"Services","HKLM\SYSTEM\CurrentControlSet\Services\TeamViewer","At system startup","Machine","C:\Program Files\TeamViewer\TeamViewer_Service.exe","TeamViewer (TeamViewer)","C:\Program Files\TeamViewer\TeamViewer_Service.exe | Automatic","70c4ac063c953c607bcd8000b504b8d99dffe38dcb152d6d1c8ab3635ec93dc2","No security vendors flagged this file as malicious"
"Services","HKLM\SYSTEM\CurrentControlSet\Services\FontCache","At system startup","Machine","C:\WINDOWS\system32\svchost.exe","Usług systemu Windows buforowania czcionek (FontCache)","C:\WINDOWS\system32\svchost.exe -k LocalService -p | Automatic","53a39b900e3bfbf384acd13f0fc2329fa8d42b61e993d8ed5adf3a1428005d26","No security vendors flagged this file as malicious"
"Services","HKLM\SYSTEM\CurrentControlSet\Services\GoogleUpdaterService144.0.7547.0","At system startup","Machine","C:\Program Files (x86)\Google\GoogleUpdater\144.0.7547.0\updater.exe","Usługa aktualizatora Google (GoogleUpdaterService144.0.7547.0) (GoogleUpdaterService144.0.7547.0)","C:\Program Files (x86)\Google\GoogleUpdater\144.0.7547.0\updater.exe --system --windows-service --service=update | Automatic","320f6790e928200c76f9b0208485a86fc08fdb0c51f57a93b2903212353ecd2e","No security vendors flagged this file as malicious"
"Services","HKLM\SYSTEM\CurrentControlSet\Services\PcaSvc","At system startup","Machine","C:\WINDOWS\system32\svchost.exe","Usługa Asystent zgodności programów (PcaSvc)","C:\WINDOWS\system32\svchost.exe -k LocalSystemNetworkRestricted -p | Automatic (Delayed Start)","53a39b900e3bfbf384acd13f0fc2329fa8d42b61e993d8ed5adf3a1428005d26","No security vendors flagged this file as malicious"
"Services","HKLM\SYSTEM\CurrentControlSet\Services\WbioSrvc","At system startup","Machine","C:\WINDOWS\system32\svchost.exe","Usługa biometryczna systemu Windows (WbioSrvc)","C:\WINDOWS\system32\svchost.exe -k WbioSvcGroup | Automatic","53a39b900e3bfbf384acd13f0fc2329fa8d42b61e993d8ed5adf3a1428005d26","No security vendors flagged this file as malicious"
"Services","HKLM\SYSTEM\CurrentControlSet\Services\gupdate","At system startup","Machine","C:\Program Files (x86)\Google\Update\GoogleUpdate.exe","Usługa Google Update (gupdate) (gupdate)","C:\Program Files (x86)\Google\Update\GoogleUpdate.exe /svc | Automatic (Delayed Start)","320f6790e928200c76f9b0208485a86fc08fdb0c51f57a93b2903212353ecd2e","No security vendors flagged this file as malicious"
"Services","HKLM\SYSTEM\CurrentControlSet\Services\BrokerInfrastructure","At system startup","Machine","C:\WINDOWS\system32\svchost.exe","Usługa infrastruktury zadań w tle (BrokerInfrastructure)","C:\WINDOWS\system32\svchost.exe -k DcomLaunch -p | Automatic","53a39b900e3bfbf384acd13f0fc2329fa8d42b61e993d8ed5adf3a1428005d26","No security vendors flagged this file as malicious"
"Services","HKLM\SYSTEM\CurrentControlSet\Services\nsi","At system startup","Machine","C:\WINDOWS\system32\svchost.exe","Usługa interfejsu magazynu sieciowego (nsi)","C:\WINDOWS\system32\svchost.exe -k LocalService -p | Automatic","53a39b900e3bfbf384acd13f0fc2329fa8d42b61e993d8ed5adf3a1428005d26","No security vendors flagged this file as malicious"
"Services","HKLM\SYSTEM\CurrentControlSet\Services\AVP21.3","At system startup","Machine","C:\Program Files (x86)\Kaspersky Lab\Kaspersky Internet Security 21.3\avp.exe","Usługa Kaspersky Anti-Virus 21.3 (AVP21.3)","C:\Program Files (x86)\Kaspersky Lab\Kaspersky Internet Security 21.3\avp.exe -r | Automatic","f086ad27cd5644b6d214cb4426efdef999d02419eda78ea6e7c90293ece596dc","No security vendors flagged this file as malicious"
"Services","HKLM\SYSTEM\CurrentControlSet\Services\UsoSvc","At system startup","Machine","C:\WINDOWS\system32\svchost.exe","Usługa koordynatora aktualizacji (UsoSvc)","C:\WINDOWS\system32\svchost.exe -k netsvcs -p | Automatic (Delayed Start)","53a39b900e3bfbf384acd13f0fc2329fa8d42b61e993d8ed5adf3a1428005d26","No security vendors flagged this file as malicious"
"Services","HKLM\SYSTEM\CurrentControlSet\Services\StorSvc","At system startup","Machine","C:\WINDOWS\System32\svchost.exe","Usługa magazynu (StorSvc)","C:\WINDOWS\System32\svchost.exe -k LocalSystemNetworkRestricted -p | Automatic (Delayed Start)","53a39b900e3bfbf384acd13f0fc2329fa8d42b61e993d8ed5adf3a1428005d26","No security vendors flagged this file as malicious"
"Services","HKLM\SYSTEM\CurrentControlSet\Services\camsvc","At system startup","Machine","C:\WINDOWS\system32\svchost.exe","Usługa Menedżer dostępu do możliwości (camsvc)","C:\WINDOWS\system32\svchost.exe -k osprivacy -p | Automatic","53a39b900e3bfbf384acd13f0fc2329fa8d42b61e993d8ed5adf3a1428005d26","No security vendors flagged this file as malicious"
"Services","HKLM\SYSTEM\CurrentControlSet\Services\CmService","At system startup","Machine","C:\WINDOWS\system32\svchost.exe","Usługa menedżera kontenerów (CmService)","C:\WINDOWS\system32\svchost.exe -k LocalSystemNetworkRestricted | Automatic","53a39b900e3bfbf384acd13f0fc2329fa8d42b61e993d8ed5adf3a1428005d26","No security vendors flagged this file as malicious"
"Services","HKLM\SYSTEM\CurrentControlSet\Services\InventorySvc","At system startup","Machine","C:\WINDOWS\system32\svchost.exe","Usługa oceny spisu i zgodności (InventorySvc)","C:\WINDOWS\system32\svchost.exe -k InvSvcGroup -p | Automatic (Delayed Start)","53a39b900e3bfbf384acd13f0fc2329fa8d42b61e993d8ed5adf3a1428005d26","No security vendors flagged this file as malicious"
"Services","HKLM\SYSTEM\CurrentControlSet\Services\CDPSvc","At system startup","Machine","C:\WINDOWS\system32\svchost.exe","Usługa platformy podłączonych urządzeń (CDPSvc)","C:\WINDOWS\system32\svchost.exe -k LocalService -p | Automatic (Delayed Start)","53a39b900e3bfbf384acd13f0fc2329fa8d42b61e993d8ed5adf3a1428005d26","No security vendors flagged this file as malicious"
"Services","HKLM\SYSTEM\CurrentControlSet\Services\AppHostSvc","At system startup","Machine","C:\WINDOWS\system32\svchost.exe","Usługa pomocnika hosta aplikacji (AppHostSvc)","C:\WINDOWS\system32\svchost.exe -k apphost | Automatic","53a39b900e3bfbf384acd13f0fc2329fa8d42b61e993d8ed5adf3a1428005d26","No security vendors flagged this file as malicious"
"Services","HKLM\SYSTEM\CurrentControlSet\Services\SENS","At system startup","Machine","C:\WINDOWS\system32\svchost.exe","Usługa powiadamiania o zdarzeniach systemowych (SENS)","C:\WINDOWS\system32\svchost.exe -k netsvcsRedirectionGuard -p | Automatic","53a39b900e3bfbf384acd13f0fc2329fa8d42b61e993d8ed5adf3a1428005d26","No security vendors flagged this file as malicious"
"Services","HKLM\SYSTEM\CurrentControlSet\Services\ProfSvc","At system startup","Machine","C:\WINDOWS\system32\svchost.exe","Usługa profilów użytkowników (ProfSvc)","C:\WINDOWS\system32\svchost.exe -k UserProfileService -p | Automatic","53a39b900e3bfbf384acd13f0fc2329fa8d42b61e993d8ed5adf3a1428005d26","No security vendors flagged this file as malicious"
"Services","HKLM\SYSTEM\CurrentControlSet\Services\WinDefend","At system startup","Machine","C:\ProgramData\Microsoft\Windows Defender\Platform\4.18.25110.6-0\MsMpEng.exe","Usługa Program antywirusowy Microsoft Defender (WinDefend)","C:\ProgramData\Microsoft\Windows Defender\Platform\4.18.25110.6-0\MsMpEng.exe | Automatic","8d0e9883b95282f818cfec893c992e97047ae774c499cf42bbae0056bfb4ced0","No security vendors flagged this file as malicious"
"Services","HKLM\SYSTEM\CurrentControlSet\Services\W3SVC","At system startup","Machine","C:\WINDOWS\system32\svchost.exe","Usługa publikowania w sieci WWW (W3SVC)","C:\WINDOWS\system32\svchost.exe -k iissvcs | Automatic","53a39b900e3bfbf384acd13f0fc2329fa8d42b61e993d8ed5adf3a1428005d26","No security vendors flagged this file as malicious"
"Services","HKLM\SYSTEM\CurrentControlSet\Services\StateRepository","At system startup","Machine","C:\WINDOWS\system32\svchost.exe","Usługa repozytorium stanów (StateRepository)","C:\WINDOWS\system32\svchost.exe -k appmodel -p | Automatic","53a39b900e3bfbf384acd13f0fc2329fa8d42b61e993d8ed5adf3a1428005d26","No security vendors flagged this file as malicious"
"Services","HKLM\SYSTEM\CurrentControlSet\Services\WpnService","At system startup","Machine","C:\WINDOWS\system32\svchost.exe","Usługa systemu powiadomień WNS (WpnService)","C:\WINDOWS\system32\svchost.exe -k netsvcs -p | Automatic","53a39b900e3bfbf384acd13f0fc2329fa8d42b61e993d8ed5adf3a1428005d26","No security vendors flagged this file as malicious"
"Services","HKLM\SYSTEM\CurrentControlSet\Services\CDPUserSvc_eb1c3","At system startup","Machine","C:\WINDOWS\system32\svchost.exe","Usługa użytkownika platformy podłączonych urządzeń_eb1c3 (CDPUserSvc_eb1c3)","C:\WINDOWS\system32\svchost.exe -k UnistackSvcGroup | Automatic","53a39b900e3bfbf384acd13f0fc2329fa8d42b61e993d8ed5adf3a1428005d26","No security vendors flagged this file as malicious"
"Services","HKLM\SYSTEM\CurrentControlSet\Services\WpnUserService_eb1c3","At system startup","Machine","C:\WINDOWS\system32\svchost.exe","Usługa użytkownika powiadomień WNS_eb1c3 (WpnUserService_eb1c3)","C:\WINDOWS\system32\svchost.exe -k UnistackSvcGroup | Automatic","53a39b900e3bfbf384acd13f0fc2329fa8d42b61e993d8ed5adf3a1428005d26","No security vendors flagged this file as malicious"
"Services","HKLM\SYSTEM\CurrentControlSet\Services\cbdhsvc_eb1c3","At system startup","Machine","C:\WINDOWS\system32\svchost.exe","Usługa użytkownika Schowek_eb1c3 (cbdhsvc_eb1c3)","C:\WINDOWS\system32\svchost.exe -k ClipboardSvcGroup -p | Automatic","53a39b900e3bfbf384acd13f0fc2329fa8d42b61e993d8ed5adf3a1428005d26","No security vendors flagged this file as malicious"
"Services","HKLM\SYSTEM\CurrentControlSet\Services\webthreatdefusersvc_eb1c3","At system startup","Machine","C:\WINDOWS\system32\svchost.exe","Usługa użytkownika Web Threat Defense_eb1c3 (webthreatdefusersvc_eb1c3)","C:\WINDOWS\system32\svchost.exe -k LocalSystemNetworkRestricted -p | Automatic","53a39b900e3bfbf384acd13f0fc2329fa8d42b61e993d8ed5adf3a1428005d26","No security vendors flagged this file as malicious"
"Services","HKLM\SYSTEM\CurrentControlSet\Services\TextInputManagementService","At system startup","Machine","C:\WINDOWS\System32\svchost.exe","Usługa zarządzania wprowadzaniem tekstu (TextInputManagementService)","C:\WINDOWS\System32\svchost.exe -k LocalSystemNetworkRestricted -p | Automatic","53a39b900e3bfbf384acd13f0fc2329fa8d42b61e993d8ed5adf3a1428005d26","No security vendors flagged this file as malicious"
"Services","HKLM\SYSTEM\CurrentControlSet\Services\DPS","At system startup","Machine","C:\WINDOWS\System32\svchost.exe","Usługa zasad diagnostyki (DPS)","C:\WINDOWS\System32\svchost.exe -k LocalServiceNoNetwork -p | Automatic","53a39b900e3bfbf384acd13f0fc2329fa8d42b61e993d8ed5adf3a1428005d26","No security vendors flagged this file as malicious"
"Services","HKLM\SYSTEM\CurrentControlSet\Services\DispBrokerDesktopSvc","At system startup","Machine","C:\WINDOWS\system32\svchost.exe","Usługa zasad wyświetlania (DispBrokerDesktopSvc)","C:\WINDOWS\system32\svchost.exe -k LocalService -p | Automatic","53a39b900e3bfbf384acd13f0fc2329fa8d42b61e993d8ed5adf3a1428005d26","No security vendors flagged this file as malicious"
"Services","HKLM\SYSTEM\CurrentControlSet\Services\CryptSvc","At system startup","Machine","C:\WINDOWS\system32\svchost.exe","Usługi kryptograficzne (CryptSvc)","C:\WINDOWS\system32\svchost.exe -k NetworkService -p | Automatic","53a39b900e3bfbf384acd13f0fc2329fa8d42b61e993d8ed5adf3a1428005d26","No security vendors flagged this file as malicious"
"Services","HKLM\SYSTEM\CurrentControlSet\Services\WavesSysSvc","At system startup","Machine","C:\Program Files\Waves\MaxxAudio\WavesSysSvc64.exe","Waves Audio Services (WavesSysSvc)","C:\Program Files\Waves\MaxxAudio\WavesSysSvc64.exe | Automatic","52b2d74edea07a59914131c8b83a3607e29c9377881f053d7307f16ecd7f8189","No security vendors flagged this file as malicious"
"Services","HKLM\SYSTEM\CurrentControlSet\Services\GoogleUpdaterInternalService144.0.7547.0","At system startup","Machine","C:\Program Files (x86)\Google\GoogleUpdater\144.0.7547.0\updater.exe","Wewnętrzna usługa Aktualizatora Google (GoogleUpdaterInternalService144.0.7547.0) (GoogleUpdaterInternalService144.0.7547.0)","C:\Program Files (x86)\Google\GoogleUpdater\144.0.7547.0\updater.exe --system --windows-service --service=update-internal | Automatic","320f6790e928200c76f9b0208485a86fc08fdb0c51f57a93b2903212353ecd2e","No security vendors flagged this file as malicious"
"Services","HKLM\SYSTEM\CurrentControlSet\Services\Audiosrv","At system startup","Machine","C:\WINDOWS\System32\svchost.exe","Windows Audio (Audiosrv)","C:\WINDOWS\System32\svchost.exe -k LocalServiceNetworkRestricted -p | Automatic","53a39b900e3bfbf384acd13f0fc2329fa8d42b61e993d8ed5adf3a1428005d26","No security vendors flagged this file as malicious"
"Services","HKLM\SYSTEM\CurrentControlSet\Services\StiSvc","At system startup","Machine","C:\WINDOWS\system32\svchost.exe","Windows Image Acquisition (WIA) (StiSvc)","C:\WINDOWS\system32\svchost.exe -k imgsvc | Automatic","53a39b900e3bfbf384acd13f0fc2329fa8d42b61e993d8ed5adf3a1428005d26","No security vendors flagged this file as malicious"
"Services","HKLM\SYSTEM\CurrentControlSet\Services\WSearch","At system startup","Machine","C:\WINDOWS\system32\SearchIndexer.exe","Windows Search (WSearch)","C:\WINDOWS\system32\SearchIndexer.exe /Embedding | Automatic (Delayed Start)","60c44b6d9a437dc572f4c520c12bba4b2488bfa7168c0bfb241b08e0742094e2","No security vendors flagged this file as malicious"
"Services","HKLM\SYSTEM\CurrentControlSet\Services\W32Time","At system startup","Machine","C:\WINDOWS\system32\svchost.exe","Windows Time (W32Time)","C:\WINDOWS\system32\svchost.exe -k LocalService | Automatic (Delayed Start)","53a39b900e3bfbf384acd13f0fc2329fa8d42b61e993d8ed5adf3a1428005d26","No security vendors flagged this file as malicious"
"Services","HKLM\SYSTEM\CurrentControlSet\Services\WSAIFabricSvc","At system startup","Machine","C:\WINDOWS\system32\svchost.exe","WSAIFabricSvc (WSAIFabricSvc)","C:\WINDOWS\system32\svchost.exe -k WSAIFabricSvcGroup -p | Automatic","53a39b900e3bfbf384acd13f0fc2329fa8d42b61e993d8ed5adf3a1428005d26","No security vendors flagged this file as malicious"
"Services","HKLM\SYSTEM\CurrentControlSet\Services\ShellHWDetection","At system startup","Machine","C:\WINDOWS\System32\svchost.exe","Wykrywanie sprzętu powłoki (ShellHWDetection)","C:\WINDOWS\System32\svchost.exe -k netsvcs -p | Automatic","53a39b900e3bfbf384acd13f0fc2329fa8d42b61e993d8ed5adf3a1428005d26","No security vendors flagged this file as malicious"
"Services","HKLM\SYSTEM\CurrentControlSet\Services\mpssvc","At system startup","Machine","C:\WINDOWS\system32\svchost.exe","Zapora Windows Defender (mpssvc)","C:\WINDOWS\system32\svchost.exe -k LocalServiceNoNetworkFirewall -p | Automatic","53a39b900e3bfbf384acd13f0fc2329fa8d42b61e993d8ed5adf3a1428005d26","No security vendors flagged this file as malicious"
"Services","HKLM\SYSTEM\CurrentControlSet\Services\Power","At system startup","Machine","C:\WINDOWS\system32\svchost.exe","Zasilanie (Power)","C:\WINDOWS\system32\svchost.exe -k DcomLaunch -p | Automatic","53a39b900e3bfbf384acd13f0fc2329fa8d42b61e993d8ed5adf3a1428005d26","No security vendors flagged this file as malicious"
"Services","HKLM\SYSTEM\CurrentControlSet\Services\RpcSs","At system startup","Machine","C:\WINDOWS\system32\svchost.exe","Zdalne wywoływanie procedur (RPC) (RpcSs)","C:\WINDOWS\system32\svchost.exe -k rpcss -p | Automatic","53a39b900e3bfbf384acd13f0fc2329fa8d42b61e993d8ed5adf3a1428005d26","No security vendors flagged this file as malicious"
"Services","HKLM\SYSTEM\CurrentControlSet\Services\DusmSvc","At system startup","Machine","C:\WINDOWS\System32\svchost.exe","Zużycie danych (DusmSvc)","C:\WINDOWS\System32\svchost.exe -k LocalServiceNetworkRestricted -p -s DusmSvc | Automatic","53a39b900e3bfbf384acd13f0fc2329fa8d42b61e993d8ed5adf3a1428005d26","No security vendors flagged this file as malicious"
"Services","HKLM\SYSTEM\CurrentControlSet\Services\DiagTrack","At system startup","Machine","C:\WINDOWS\System32\svchost.exe","Środowiska i telemetria połączonego użytkownika (DiagTrack)","C:\WINDOWS\System32\svchost.exe -k utcsvc -p | Automatic","53a39b900e3bfbf384acd13f0fc2329fa8d42b61e993d8ed5adf3a1428005d26","No security vendors flagged this file as malicious"
"Startup Folder","C:\ProgramData\Microsoft\Windows\Start Menu\Programs\Startup","At log on","Machine","C:\ProgramData\Microsoft\Windows\Start Menu\Programs\Startup\desktop.ini","desktop.ini","C:\ProgramData\Microsoft\Windows\Start Menu\Programs\Startup\desktop.ini","cdb11958506a5ba5478e22ed472fa3ae422fe9916d674f290207e1fc29ae5a76","No security vendors flagged this file as malicious"
"Startup Folder","C:\Users\mikew\AppData\Roaming\Microsoft\Windows\Start Menu\Programs\Startup","At log on","User","C:\Users\mikew\AppData\Roaming\Microsoft\Windows\Start Menu\Programs\Startup\desktop.ini","desktop.ini","C:\Users\mikew\AppData\Roaming\Microsoft\Windows\Start Menu\Programs\Startup\desktop.ini","cdb11958506a5ba5478e22ed472fa3ae422fe9916d674f290207e1fc29ae5a76","No security vendors flagged this file as malicious"
"Startup Folder","C:\Users\mikew\AppData\Roaming\Microsoft\Windows\Start Menu\Programs\Startup","At log on","User","C:\Users\mikew\AppData\Roaming\Telegram Desktop\Telegram.exe","Telegram.lnk","C:\Users\mikew\AppData\Roaming\Telegram Desktop\Telegram.exe -autostart","faf72e05ee38de0fa139d6c1e8bd814ec2091a9a3eb63b6ea6de198e9f6173c3","No security vendors flagged this file as malicious"
"WMI Event Subscription","root\subscription::__EventFilter","WMI event","Machine","","SCM Event Log Filter","WQL: select * from MSFT_SCMEventLogEvent | NS: root\cimv2","",""
