Scheduled Task Name,Task Triggers,Task Action Type,Action File Path,Action File Name,Action Command Line,Action File SHA-256 Hash,VirusTotal Detection Summary
"\Adobe Acrobat Update Task","Logon @ 2013-08-01T12:05:00 (Enabled); Daily @ 2013-01-01T11:00:00 (Enabled)","Exec","C:\Program Files (x86)\Common Files\Adobe\ARM\1.0\AdobeARM.exe","AdobeARM.exe","C:\Program Files (x86)\Common Files\Adobe\ARM\1.0\AdobeARM.exe","c9cf066d3ca9a840bf908db506ed92b0fbb51fa012a2fbb1f79b12d094b4911f","No security vendors flagged this file as malicious"
"\Apple\AppleSoftwareUpdate","Weekly @ 2024-03-31T13:20:00 (Enabled)","Exec","C:\Program Files (x86)\Apple Software Update\SoftwareUpdate.exe","SoftwareUpdate.exe","C:\Program Files (x86)\Apple Software Update\SoftwareUpdate.exe -task","07c8c42fc431097ad5fa2efe78de9dd5078d4085ecdffba57a2c0c107916e10e","No security vendors flagged this file as malicious"
"\Apply Disable Windows Defender Policies","Boot (Enabled); Logon (Enabled); Daily @ 2025-07-14T10:00:00 (Enabled); Daily @ 2025-07-14T11:00:00 (Enabled); Daily @ 2025-07-14T12:00:00 (Enabled); Daily @ 2025-07-14T13:00:00 (Enabled); Daily @ 2025-07-14T14:00:00 (Enabled); Daily @ 2025-07-14T15:00:00 (Enabled); Daily @ 2025-07-14T16:00:00 (Enabled); Daily @ 2025-07-14T17:00:00 (Enabled); Daily @ 2025-07-14T18:00:00 (Enabled); Daily @ 2025-07-14T19:00:00 (Enabled); Daily @ 2025-07-14T20:00:00 (Enabled); Daily @ 2025-07-14T21:00:00 (Enabled); Daily @ 2025-07-14T22:00:00 (Enabled); Daily @ 2025-07-14T23:00:00 (Enabled); Daily @ 2025-07-14T00:00:00 (Enabled); Daily @ 2025-07-14T01:00:00 (Enabled); Daily @ 2025-07-14T02:00:00 (Enabled); Daily @ 2025-07-14T03:00:00 (Enabled); Daily @ 2025-07-14T04:00:00 (Enabled); Daily @ 2025-07-14T05:00:00 (Enabled); Daily @ 2025-07-14T06:00:00 (Enabled); Daily @ 2025-07-14T07:00:00 (Enabled); Daily @ 2025-07-14T08:00:00 (Enabled); Daily @ 2025-07-14T09:00:00 (Enabled)","Exec","C:\Scripts\WindowsDefenderDisabler.exe","WindowsDefenderDisabler.exe","C:\Scripts\WindowsDefenderDisabler.exe","c5c47ee71a2e5709a1cb4e470a909572d557b161a507edad7f022e49d70b3376","We currently don't have any comments that fit your search"
"\Dell SupportAssistAgent AutoUpdate","Weekly @ 2025-12-19T15:26:16 (Enabled)","Exec","C:\Program Files\Dell\SupportAssistAgent\bin\FrameworkAgents\SupportAssistInstaller.exe","SupportAssistInstaller.exe","C:\Program Files\Dell\SupportAssistAgent\bin\FrameworkAgents\SupportAssistInstaller.exe AutoUpdate","72e278677bda58512ab345551219d34e88882e439d78d0c7a34759a29896526f","No security vendors flagged this file as malicious"
"\G2MUpdateTask-S-1-5-21-728489383-1159715606-2488544086-1001","Daily @ 2024-06-20T15:05:00 (Enabled)","Exec","C:\Users\mikew\AppData\Local\GoToMeeting\19992\g2mupdate.exe","g2mupdate.exe","C:\Users\mikew\AppData\Local\GoToMeeting\19992\g2mupdate.exe","415e68bbf6bf7b5ca6090c74b924860b66a6d12e322d142257ef8e9e5e8f2edb","No security vendors flagged this file as malicious"
"\G2MUploadTask-S-1-5-21-728489383-1159715606-2488544086-1001","Daily @ 2024-06-20T15:29:00 (Enabled)","Exec","C:\Users\mikew\AppData\Local\GoToMeeting\19992\g2mupload.exe","g2mupload.exe","C:\Users\mikew\AppData\Local\GoToMeeting\19992\g2mupload.exe","415e68bbf6bf7b5ca6090c74b924860b66a6d12e322d142257ef8e9e5e8f2edb","No security vendors flagged this file as malicious"
"\Meta\Messenger-SL-Helper-S-1-5-21-728489383-1159715606-2488544086-1001","Daily @ 2001-01-01T00:00:00 (Enabled)","Exec","C:\Users\mikew\AppData\Local\Programs\Messenger\MessengerHelper.exe","MessengerHelper.exe","C:\Users\mikew\AppData\Local\Programs\Messenger\MessengerHelper.exe --lassie","d7be6dbd2010663f232e49c67474880ed8a75bc81935a6c518dfe6711cd2d77a","No security vendors flagged this file as malicious"
"\MicrosoftEdgeUpdateTaskMachineCore","Logon (Enabled); Daily @ 2025-12-24T02:33:06 (Enabled)","Exec","C:\Program Files (x86)\Microsoft\EdgeUpdate\MicrosoftEdgeUpdate.exe","MicrosoftEdgeUpdate.exe","C:\Program Files (x86)\Microsoft\EdgeUpdate\MicrosoftEdgeUpdate.exe /c","955b5950fd92e5c5eec395b022566c9a2594ca3126d894408e2e29ba25d8b0dd","No security vendors flagged this file as malicious"
"\MicrosoftEdgeUpdateTaskMachineUA","Daily @ 2025-12-24T02:03:06 (Enabled)","Exec","C:\Program Files (x86)\Microsoft\EdgeUpdate\MicrosoftEdgeUpdate.exe","MicrosoftEdgeUpdate.exe","C:\Program Files (x86)\Microsoft\EdgeUpdate\MicrosoftEdgeUpdate.exe /ua /installsource scheduler","955b5950fd92e5c5eec395b022566c9a2594ca3126d894408e2e29ba25d8b0dd","No security vendors flagged this file as malicious"
"\Microsoft\Office\Office Actions Server","Logon (Enabled); Time @ 2025-01-01T00:00:00 (Disabled)","Exec","C:\Program Files\Microsoft Office\root\VFS\ProgramFilesCommonX64\Microsoft Shared\Office16\ActionsServer\ActionsServer.exe","ActionsServer.exe","C:\Program Files\Microsoft Office\root\VFS\ProgramFilesCommonX64\Microsoft Shared\Office16\ActionsServer\ActionsServer.exe availabilitycheck","825765a91595359bcab9264adeefeb843165c48ef9e005c0dfd628f03963d84f","No security vendors flagged this file as malicious"
"\Microsoft\Office\Office Automatic Updates 2.0","Weekly @ 2010-12-16T03:00:00 (Enabled); Logon (Enabled); Idle (Enabled)","Exec","C:\Program Files\Common Files\Microsoft Shared\ClickToRun\OfficeC2RClient.exe","OfficeC2RClient.exe","C:\Program Files\Common Files\Microsoft Shared\ClickToRun\OfficeC2RClient.exe /frequentupdate SCHEDULEDTASK displaylevel=False","b0cb5d0111eccc45b2212890ae131da38ce43daa65625700ee9841ddd5fe8e71","No security vendors flagged this file as malicious"
"\Microsoft\Office\Office Background Push Maintenance","Daily @ 2010-01-01T16:44:16 (Enabled); Logon @ 2010-01-01T00:00:00 (Enabled)","Exec","C:\Program Files\Microsoft Office\root\vfs\ProgramFilesCommonx64\Microsoft Shared\Office16\opushutil.exe","opushutil.exe","C:\Program Files\Microsoft Office\root\vfs\ProgramFilesCommonx64\Microsoft Shared\Office16\opushutil.exe /pushregistration","bf60021a2d4d20815843b9125a16b4bfa89565e818188ee4ec78d2819683bf98","No security vendors flagged this file as malicious"
"\Microsoft\Office\Office ClickToRun Service Monitor","Daily @ 2010-12-16T04:00:00 (Enabled)","Exec","C:\Program Files\Common Files\Microsoft Shared\ClickToRun\OfficeC2RClient.exe","OfficeC2RClient.exe","C:\Program Files\Common Files\Microsoft Shared\ClickToRun\OfficeC2RClient.exe /WatchService","b0cb5d0111eccc45b2212890ae131da38ce43daa65625700ee9841ddd5fe8e71","No security vendors flagged this file as malicious"
"\Microsoft\Office\Office Feature Updates","Daily @ 2017-01-01T02:10:00 (Enabled); Daily @ 2017-01-01T06:10:00 (Enabled); Daily @ 2017-01-01T10:10:00 (Enabled); Daily @ 2017-01-01T14:10:00 (Enabled); Daily @ 2017-01-01T18:10:00 (Enabled); Daily @ 2017-01-01T22:10:00 (Enabled)","Exec","C:\Program Files\Microsoft Office\root\Office16\sdxhelper.exe","sdxhelper.exe","C:\Program Files\Microsoft Office\root\Office16\sdxhelper.exe","c2e447dbd21d2fba08053ea1e223d9312f1a66b843caee53bef9615c5963e9ef","No security vendors flagged this file as malicious"
"\Microsoft\Office\Office Feature Updates Logon","Logon (Enabled); SessionStateChange (Enabled)","Exec","C:\Program Files\Microsoft Office\root\Office16\sdxhelper.exe","sdxhelper.exe","C:\Program Files\Microsoft Office\root\Office16\sdxhelper.exe /onlogon","c2e447dbd21d2fba08053ea1e223d9312f1a66b843caee53bef9615c5963e9ef","No security vendors flagged this file as malicious"
"\Microsoft\Office\Office Performance Monitor","Event (Enabled)","Exec","C:\Program Files\Microsoft Office\root\VFS\ProgramFilesCommonX64\Microsoft Shared\Office16\operfmon.exe","operfmon.exe","C:\Program Files\Microsoft Office\root\VFS\ProgramFilesCommonX64\Microsoft Shared\Office16\operfmon.exe","58e582bd1707d956242025473e9f6cb879ba90f6492181a72e20a20392e09921","No security vendors flagged this file as malicious"
"\Microsoft\Office\Office Startup Maintenance","Logon (Enabled); Daily @ 2025-10-23T08:00:00 (Enabled)","Exec","C:\Program Files\Microsoft Office\root\VFS\ProgramFilesCommonX64\Microsoft Shared\Office16\ActionsServer\ActionsServer.exe","ActionsServer.exe","C:\Program Files\Microsoft Office\root\VFS\ProgramFilesCommonX64\Microsoft Shared\Office16\ActionsServer\ActionsServer.exe wacheck","825765a91595359bcab9264adeefeb843165c48ef9e005c0dfd628f03963d84f","No security vendors flagged this file as malicious"
"\Microsoft\Windows\AccountHealth\RecoverabilityToastTask","SessionStateChange (Enabled)","ComHandler","","","","",""
"\Microsoft\Windows\Active Directory Rights Management Services Client\AD RMS Rights Policy Template Management (Automated)","Daily @ 2006-11-09T03:00:00 (Enabled); Logon (Enabled)","ComHandler","","","","",""
"\Microsoft\Windows\Active Directory Rights Management Services Client\AD RMS Rights Policy Template Management (Manual)","Logon (Disabled)","ComHandler","","","","",""
"\Microsoft\Windows\AppID\EDP Policy Manager","Custom (Enabled); Custom (Enabled)","ComHandler","","","","",""
"\Microsoft\Windows\AppID\PolicyConverter","","Exec","C:\WINDOWS\system32\appidpolicyconverter.exe","appidpolicyconverter.exe","%windir%\system32\appidpolicyconverter.exe","6ddf58b70300a3ac7a20493c1ab2a728967fb7ace55c1d1c68a75e4765e46d78","No security vendors flagged this file as malicious"
"\Microsoft\Windows\AppID\VerifiedPublisherCertStoreCheck","Boot (Enabled)","Exec","C:\WINDOWS\system32\appidcertstorecheck.exe","appidcertstorecheck.exe","%windir%\system32\appidcertstorecheck.exe","442a6a8546b9b2ee4159760b04e8fd33e6f3310c92c66709c27afa47c8653808","No security vendors flagged this file as malicious"
"\Microsoft\Windows\Application Experience\MareBackup","","Exec","C:\WINDOWS\system32\compattelrunner.exe","compattelrunner.exe","%windir%\system32\compattelrunner.exe -m:aeinv.dll -f:UpdateSoftwareInventoryW invsvc","019073440ddbcac94c1aaa6a0098f4e0433555b9d12a6b21d011bfd06b83ee01","No security vendors flagged this file as malicious"
"\Microsoft\Windows\Application Experience\MareBackup","","Exec","C:\WINDOWS\system32\compattelrunner.exe","compattelrunner.exe","%windir%\system32\compattelrunner.exe -m:appraiser.dll -f:DoScheduledTelemetryRun","019073440ddbcac94c1aaa6a0098f4e0433555b9d12a6b21d011bfd06b83ee01","No security vendors flagged this file as malicious"
"\Microsoft\Windows\Application Experience\MareBackup","","Exec","C:\WINDOWS\system32\compattelrunner.exe","compattelrunner.exe","%windir%\system32\compattelrunner.exe -m:aemarebackup.dll -f:BackupMareData","019073440ddbcac94c1aaa6a0098f4e0433555b9d12a6b21d011bfd06b83ee01","No security vendors flagged this file as malicious"
"\Microsoft\Windows\Application Experience\Microsoft Compatibility Appraiser Exp","Custom (Enabled)","Exec","C:\WINDOWS\system32\compattelrunner.exe","compattelrunner.exe","%windir%\system32\compattelrunner.exe -m:appraiser.dll -f:DoScheduledTelemetryRun express","019073440ddbcac94c1aaa6a0098f4e0433555b9d12a6b21d011bfd06b83ee01","No security vendors flagged this file as malicious"
"\Microsoft\Windows\Application Experience\PcaPatchDbTask","Time @ 2008-09-01T03:00:00 (Enabled)","Exec","C:\WINDOWS\system32\rundll32.exe","rundll32.exe","%windir%\system32\rundll32.exe %windir%\system32\PcaSvc.dll,PcaPatchSdbTask","4193f529bff2729769d82cb83ee206d2af16c59208d6dc5cd8b54cd9c6703a11","No security vendors flagged this file as malicious"
"\Microsoft\Windows\Application Experience\SdbinstMergeDbTask","Custom (Enabled); Custom (Enabled)","Exec","C:\WINDOWS\system32\sdbinst.exe","sdbinst.exe","%windir%\system32\sdbinst.exe -mm","f98bb76eeae67c5e88fbc6e9564f4471505eeef0723dbf9a5dc89f6b5779b5f1","No security vendors flagged this file as malicious"
"\Microsoft\Windows\Application Experience\StartupAppTask","","Exec","C:\WINDOWS\system32\rundll32.exe","rundll32.exe","%windir%\system32\rundll32.exe Startupscan.dll,SusRunTask","4193f529bff2729769d82cb83ee206d2af16c59208d6dc5cd8b54cd9c6703a11","No security vendors flagged this file as malicious"
"\Microsoft\Windows\ApplicationData\appuriverifierdaily","","Exec","C:\WINDOWS\system32\AppHostRegistrationVerifier.exe","AppHostRegistrationVerifier.exe","%windir%\system32\AppHostRegistrationVerifier.exe","2da3f58d26ff34d4455399260f1d44acf1c967882100bb285d172762d472a049","No security vendors flagged this file as malicious"
"\Microsoft\Windows\ApplicationData\appuriverifierinstall","Custom (Enabled)","Exec","C:\WINDOWS\system32\AppHostRegistrationVerifier.exe","AppHostRegistrationVerifier.exe","%windir%\system32\AppHostRegistrationVerifier.exe","2da3f58d26ff34d4455399260f1d44acf1c967882100bb285d172762d472a049","No security vendors flagged this file as malicious"
"\Microsoft\Windows\ApplicationData\CleanupTemporaryState","","Exec","C:\WINDOWS\system32\rundll32.exe","rundll32.exe","%windir%\system32\rundll32.exe Windows.Storage.ApplicationData.dll,CleanupTemporaryState","4193f529bff2729769d82cb83ee206d2af16c59208d6dc5cd8b54cd9c6703a11","No security vendors flagged this file as malicious"
"\Microsoft\Windows\ApplicationData\DsSvcCleanup","","Exec","C:\WINDOWS\system32\dstokenclean.exe","dstokenclean.exe","%windir%\system32\dstokenclean.exe","38e4dbbe77423773545def4fedcad64357ea1db16b2f6617a4aaedae5da3c947","No security vendors flagged this file as malicious"
"\Microsoft\Windows\AppListBackup\Backup","","ComHandler","","","","",""
"\Microsoft\Windows\AppListBackup\BackupNonMaintenance","Daily @ 2022-01-01T00:00:00 (Enabled)","ComHandler","","","","",""
"\Microsoft\Windows\Autochk\Proxy","Boot (Enabled)","Exec","C:\WINDOWS\system32\rundll32.exe","rundll32.exe","%windir%\system32\rundll32.exe /d acproxy.dll,PerformAutochkOperations","4193f529bff2729769d82cb83ee206d2af16c59208d6dc5cd8b54cd9c6703a11","No security vendors flagged this file as malicious"
"\Microsoft\Windows\BitLocker\BitLocker Encrypt All Drives","Custom (Enabled)","ComHandler","","","","",""
"\Microsoft\Windows\BitLocker\BitLocker MDM policy Refresh","Custom (Enabled)","ComHandler","","","","",""
"\Microsoft\Windows\Bluetooth\UninstallDeviceTask","","Exec","C:\WINDOWS\system32\BthUdTask.exe","BthUdTask.exe","BthUdTask.exe $(Arg0)","a22ed0f2ac920f0e2898f0d3c018ad18afb44662f084a9c6f54810ed8d2292a3","No security vendors flagged this file as malicious"
"\Microsoft\Windows\BrokerInfrastructure\BgTaskRegistrationMaintenanceTask","","ComHandler","","","","",""
"\Microsoft\Windows\capabilityaccessmanager\maintenancetasks","","Exec","C:\WINDOWS\system32\rundll32.exe","rundll32.exe","%windir%\system32\rundll32.exe %windir%\system32\CapabilityAccessManager.dll,CapabilityAccessManagerDoStoreMaintenance","4193f529bff2729769d82cb83ee206d2af16c59208d6dc5cd8b54cd9c6703a11","No security vendors flagged this file as malicious"
"\Microsoft\Windows\CertificateServicesClient\AikCertEnrollTask","Custom (Enabled)","ComHandler","","","","",""
"\Microsoft\Windows\CertificateServicesClient\CryptoPolicyTask","Custom (Enabled)","ComHandler","","","","",""
"\Microsoft\Windows\CertificateServicesClient\KeyPreGenTask","Custom (Enabled); Custom (Enabled); Custom (Disabled); Logon (Disabled); SessionStateChange (Disabled)","ComHandler","","","","",""
"\Microsoft\Windows\CertificateServicesClient\SystemTask","Custom (Enabled); Registration (Enabled); Boot (Enabled)","ComHandler","","","","",""
"\Microsoft\Windows\CertificateServicesClient\UserTask","Custom (Enabled); Registration (Enabled); Logon (Enabled); Event (Enabled)","ComHandler","","","","",""
"\Microsoft\Windows\CertificateServicesClient\UserTask-Roam","SessionStateChange (Enabled); SessionStateChange (Enabled)","ComHandler","","","","",""
"\Microsoft\Windows\Chkdsk\ProactiveScan","","ComHandler","","","","",""
"\Microsoft\Windows\CloudRestore\Backup","Custom (Enabled); Daily @ 2023-07-01T12:00:00 (Enabled)","ComHandler","","","","",""
"\Microsoft\Windows\CloudRestore\Restore","Custom (Enabled)","ComHandler","","","","",""
"\Microsoft\Windows\ConsentUX\UnifiedConsent\UnifiedConsentSyncTask","Custom (Enabled); Time @ 2024-09-01T12:00:00 (Enabled)","ComHandler","","","","",""
"\Microsoft\Windows\Containers\CmCleanup","","ComHandler","","","","",""
"\Microsoft\Windows\Customer Experience Improvement Program\Consolidator","Time @ 2004-01-02T00:00:00 (Enabled)","Exec","C:\WINDOWS\System32\wsqmcons.exe","wsqmcons.exe","%SystemRoot%\System32\wsqmcons.exe","c2b0c827b8d6bd5718a3330d6db1b5a1e3ec6bcb5004666003da5d2135515a27","No security vendors flagged this file as malicious"
"\Microsoft\Windows\Data Integrity Scan\Data Integrity Check And Scan","Daily @ 2011-01-01T23:00:00 (Disabled); Boot (Disabled)","ComHandler","","","","",""
"\Microsoft\Windows\Data Integrity Scan\Data Integrity Scan","","ComHandler","","","","",""
"\Microsoft\Windows\Defrag\ScheduledDefrag","","Exec","C:\WINDOWS\system32\defrag.exe","defrag.exe","%windir%\system32\defrag.exe -c -h -o -$","150255e7099ef94ef16f62e67e8b9904ac89f19f19052fced4ac1d4a0cdacf32","No security vendors flagged this file as malicious"
"\Microsoft\Windows\Device Information\Device","Time @ 2008-09-01T03:00:00 (Enabled); Custom (Disabled)","Exec","C:\WINDOWS\system32\devicecensus.exe","devicecensus.exe","%windir%\system32\devicecensus.exe SystemCxt","bb8fc3dcbca94c93c7e2f16e1a48d9b3457409785996dc11cde97480161f18b5","No security vendors flagged this file as malicious"
"\Microsoft\Windows\Device Information\Device User","Logon (Enabled)","Exec","C:\WINDOWS\system32\devicecensus.exe","devicecensus.exe","%windir%\system32\devicecensus.exe UserCxt","bb8fc3dcbca94c93c7e2f16e1a48d9b3457409785996dc11cde97480161f18b5","No security vendors flagged this file as malicious"
"\Microsoft\Windows\Diagnosis\RecommendedTroubleshootingScanner","Custom (Enabled); Custom (Enabled); Custom (Enabled); Boot (Disabled)","ComHandler","","","","",""
"\Microsoft\Windows\DiskCleanup\SilentCleanup","","Exec","C:\WINDOWS\system32\cleanmgr.exe","cleanmgr.exe","%windir%\system32\cleanmgr.exe /autocleanstoragesense /d %systemdrive%","f99b1e2d7bd4a490ad24c88b291ad74b7a5a68f1b4981402f60c629a4072039d","No security vendors flagged this file as malicious"
"\Microsoft\Windows\DiskFootprint\Diagnostics","","Exec","C:\WINDOWS\system32\disksnapshot.exe","disksnapshot.exe","%windir%\system32\disksnapshot.exe -z","e3efc11f128f6e10eae8e15c9aa100201aa89631377b8c9e4db1314dd46659f0","No security vendors flagged this file as malicious"
"\Microsoft\Windows\DiskFootprint\StorageSense","","ComHandler","","","","",""
"\Microsoft\Windows\DUSM\dusmtask","Custom (Enabled)","Exec","C:\WINDOWS\System32\dusmtask.exe","dusmtask.exe","%SystemRoot%\System32\dusmtask.exe","e0dcb454ff13e7b0097f66fa2ff171e8537bd19c57f1c335d24a8e324a73a25d","No security vendors flagged this file as malicious"
"\Microsoft\Windows\EDP\EDP App Launch Task","Custom (Enabled)","ComHandler","","","","",""
"\Microsoft\Windows\EDP\EDP Auth Task","Custom (Enabled)","ComHandler","","","","",""
"\Microsoft\Windows\EDP\EDP Inaccessible Credentials Task","Custom (Enabled)","ComHandler","","","","",""
"\Microsoft\Windows\EDP\StorageCardEncryption Task","Custom (Enabled)","ComHandler","","","","",""
"\Microsoft\Windows\EnterpriseMgmt\MDMMaintenenceTask","Logon (Enabled)","Exec","C:\WINDOWS\system32\MDMAgent.exe","MDMAgent.exe","%windir%\system32\MDMAgent.exe","d08261ae78e660283dc77b50e269ec128021e9c41a78f2aaefe272222ee705b8","No security vendors flagged this file as malicious"
"\Microsoft\Windows\ExploitGuard\ExploitGuard MDM policy Refresh","Custom (Enabled); Custom (Enabled); Boot (Enabled)","ComHandler","","","","",""
"\Microsoft\Windows\Feedback\Siuf\DmClient","","Exec","C:\WINDOWS\system32\dmclient.exe","dmclient.exe","%windir%\system32\dmclient.exe","7a70923e0e77bf4d103c2a296a10aa5f2cec32ad07a119cfa4469de2bde8dc09","No security vendors flagged this file as malicious"
"\Microsoft\Windows\Feedback\Siuf\DmClientOnScenarioDownload","Custom (Enabled)","Exec","C:\WINDOWS\system32\dmclient.exe","dmclient.exe","%windir%\system32\dmclient.exe utcwnf","7a70923e0e77bf4d103c2a296a10aa5f2cec32ad07a119cfa4469de2bde8dc09","No security vendors flagged this file as malicious"
"\Microsoft\Windows\File Classification Infrastructure\Property Definition Sync","Daily @ 2006-11-09T03:00:00 (Enabled)","ComHandler","","","","",""
"\Microsoft\Windows\FileHistory\File History (maintenance mode)","","ComHandler","","","","",""
"\Microsoft\Windows\Flighting\FeatureConfig\BootstrapUsageDataReporting","Time @ 2024-04-05T01:06:51+01:00 (Enabled)","ComHandler","","","","",""
"\Microsoft\Windows\Flighting\FeatureConfig\GovernedFeatureUsageProcessing","Custom (Enabled)","ComHandler","","","","",""
"\Microsoft\Windows\Flighting\FeatureConfig\ReconcileConfigs","Custom (Enabled)","ComHandler","","","","",""
"\Microsoft\Windows\Flighting\FeatureConfig\ReconcileFeatures","Custom (Enabled); Custom (Enabled); Custom (Enabled); Custom (Enabled); Custom (Enabled); Custom (Enabled)","ComHandler","","","","",""
"\Microsoft\Windows\Flighting\FeatureConfig\UsageDataFlushing","Custom (Enabled); Custom (Enabled); Custom (Enabled)","ComHandler","","","","",""
"\Microsoft\Windows\Flighting\FeatureConfig\UsageDataReceiver","Custom (Enabled)","ComHandler","","","","",""
"\Microsoft\Windows\Flighting\FeatureConfig\UsageDataReporting","Custom (Enabled)","ComHandler","","","","",""
"\Microsoft\Windows\Flighting\OneSettings\RefreshCache","Time @ 2026-01-11T11:29:38+01:00 (Enabled); Custom (Enabled); Custom (Enabled)","ComHandler","","","","",""
"\Microsoft\Windows\Hotpatch\Monitoring","Boot (Enabled); Logon (Enabled); Time @ 2000-01-01T03:00:00 (Enabled)","Exec","C:\WINDOWS\system32\cmd.exe","cmd.exe","%systemroot%\system32\cmd.exe /d /c %systemroot%\system32\hpatchmonTask.cmd","64afc6db3aad1289533662e2d79e27dd55c7dcdb8cd918b08e145ad82ad5acb4","No security vendors flagged this file as malicious"
"\Microsoft\Windows\input\InputSettingsRestoreDataAvailable","Custom (Enabled)","ComHandler","","","","",""
"\Microsoft\Windows\input\LocalUserSyncDataAvailable","Custom (Enabled)","ComHandler","","","","",""
"\Microsoft\Windows\input\MouseSyncDataAvailable","Custom (Enabled)","ComHandler","","","","",""
"\Microsoft\Windows\input\PenSyncDataAvailable","Custom (Enabled)","ComHandler","","","","",""
"\Microsoft\Windows\input\RemoteMouseSyncDataAvailable","Custom (Enabled)","ComHandler","","","","",""
"\Microsoft\Windows\input\RemotePenSyncDataAvailable","Custom (Enabled)","ComHandler","","","","",""
"\Microsoft\Windows\input\RemoteTouchpadSyncDataAvailable","Custom (Enabled)","ComHandler","","","","",""
"\Microsoft\Windows\input\syncpensettings","Custom (Enabled)","ComHandler","","","","",""
"\Microsoft\Windows\input\TouchpadSyncDataAvailable","Custom (Enabled)","ComHandler","","","","",""
"\Microsoft\Windows\InstallService\RestoreDevice","Custom (Enabled)","ComHandler","","","","",""
"\Microsoft\Windows\InstallService\ScanForUpdates","Time @ 2014-01-01T01:00:00+01:00 (Enabled); Custom (Enabled); Time @ 2014-01-01T01:00:00+01:00 (Disabled)","ComHandler","","","","",""
"\Microsoft\Windows\InstallService\ScanForUpdatesAsUser","","ComHandler","","","","",""
"\Microsoft\Windows\InstallService\SmartRetry","Boot (Disabled); Time @ 2025-11-09T19:15:27+01:00 (Disabled); Custom (Disabled); Custom (Disabled); Custom (Disabled); Time @ 2014-01-01T01:00:00+01:00 (Disabled)","ComHandler","","","","",""
"\Microsoft\Windows\InstallService\WakeUpAndContinueUpdates","","ComHandler","","","","",""
"\Microsoft\Windows\InstallService\WakeUpAndScanForUpdates","Time @ 2014-01-01T01:00:00+01:00 (Enabled)","ComHandler","","","","",""
"\Microsoft\Windows\International\Synchronize Language Settings","Custom (Enabled); Logon (Enabled)","ComHandler","","","","",""
"\Microsoft\Windows\Kernel\La57Cleanup","","Exec","C:\WINDOWS\system32\la57setup.exe","la57setup.exe","%windir%\system32\la57setup.exe","0df42e045bca512d9312e0ca7ac248b81e67824773476c6121e8f34e5ab5ee26","No security vendors flagged this file as malicious"
"\Microsoft\Windows\LanguageComponentsInstaller\Installation","Logon (Enabled)","ComHandler","","","","",""
"\Microsoft\Windows\LanguageComponentsInstaller\ReconcileLanguageResources","Logon (Enabled)","ComHandler","","","","",""
"\Microsoft\Windows\LanguageComponentsInstaller\Uninstallation","","ComHandler","","","","",""
"\Microsoft\Windows\Location\Notifications","Custom (Enabled)","Exec","C:\WINDOWS\System32\LocationNotificationWindows.exe","LocationNotificationWindows.exe","%windir%\System32\LocationNotificationWindows.exe","ERROR_FILE_NOT_FOUND (WIN32: 2)","Skipped (ERROR_FILE_NOT_FOUND (WIN32: 2))"
"\Microsoft\Windows\Location\WindowsActionDialog","Custom (Enabled)","Exec","C:\WINDOWS\System32\WindowsActionDialog.exe","WindowsActionDialog.exe","%windir%\System32\WindowsActionDialog.exe","42839157a4317ea7c8e7da890d5ec0d127345f77ae1995410e98197ab9ffb9bb","No security vendors flagged this file as malicious"
"\Microsoft\Windows\Maintenance\WinSAT","","ComHandler","","","","",""
"\Microsoft\Windows\Management\Autopilot\DetectHardwareChange","Custom (Enabled); Custom (Enabled)","ComHandler","","","","",""
"\Microsoft\Windows\Management\Autopilot\RemediateHardwareChange","Boot (Enabled)","ComHandler","","","","",""
"\Microsoft\Windows\Management\Provisioning\Logon","Logon (Enabled)","Exec","C:\WINDOWS\system32\ProvTool.exe","ProvTool.exe","%windir%\system32\ProvTool.exe /turn 5 /source LogonIdleTask","9a44f1a610b9247ed924093340033b45771bdc17432f57466d8c06d574b96813","No security vendors flagged this file as malicious"
"\Microsoft\Windows\Management\Provisioning\Retry","Boot (Enabled)","Exec","C:\WINDOWS\system32\ProvTool.exe","ProvTool.exe","%windir%\system32\ProvTool.exe /turn 5 /source ProvRetryTask","9a44f1a610b9247ed924093340033b45771bdc17432f57466d8c06d574b96813","No security vendors flagged this file as malicious"
"\Microsoft\Windows\Management\Provisioning\RunOnReboot","Boot (Enabled)","Exec","C:\WINDOWS\system32\ProvTool.exe","ProvTool.exe","%windir%\system32\ProvTool.exe /turn 5 /source ContinueSessionTask","9a44f1a610b9247ed924093340033b45771bdc17432f57466d8c06d574b96813","No security vendors flagged this file as malicious"
"\Microsoft\Windows\Maps\MapsUpdateTask","Time @ 2014-10-21T00:00:00 (Enabled)","ComHandler","","","","",""
"\Microsoft\Windows\MUI\LPRemove","","Exec","C:\WINDOWS\system32\lpremove.exe","lpremove.exe","%windir%\system32\lpremove.exe","e7094471d2f70c5007ca9d34499eb27f76ca8e799441d9e2628e714fc50b5644","No security vendors flagged this file as malicious"
"\Microsoft\Windows\Multimedia\SystemSoundsService","Logon (Enabled)","ComHandler","","","","",""
"\Microsoft\Windows\Network Connectivity Status Indicator\NcsiIdentifyUserProxies","Logon (Enabled); SessionStateChange (Enabled); SessionStateChange (Enabled)","ComHandler","","","","",""
"\Microsoft\Windows\Offline Files\Background Synchronization","Time @ 2008-01-01T00:00:00 (Enabled)","ComHandler","","","","",""
"\Microsoft\Windows\Offline Files\Logon Synchronization","Logon (Enabled)","ComHandler","","","","",""
"\Microsoft\Windows\PCRPF\PCR Prediction Framework Firmware Update Task","Custom (Enabled)","Exec","C:\WINDOWS\system32\rundll32.exe","rundll32.exe","%windir%\system32\rundll32.exe %windir%\system32\pcrpf.dll,NotifyFirmwareUpdateStaged","4193f529bff2729769d82cb83ee206d2af16c59208d6dc5cd8b54cd9c6703a11","No security vendors flagged this file as malicious"
"\Microsoft\Windows\PerformanceTrace\RequestTrace","Custom (Enabled)","ComHandler","","","","",""
"\Microsoft\Windows\PerformanceTrace\WhesvcToast","Custom (Enabled)","ComHandler","","","","",""
"\Microsoft\Windows\PI\Secure-Boot-Update","Boot (Enabled)","ComHandler","","","","",""
"\Microsoft\Windows\PI\Sqm-Tasks","","ComHandler","","","","",""
"\Microsoft\Windows\Plug and Play\Sysprep Generalize Drivers","","Exec","C:\WINDOWS\System32\drvinst.exe","drvinst.exe","%SystemRoot%\System32\drvinst.exe 6","b3446bc37e4cc175deb24e5fff68b15a6c8f334370cd16139fee61bd0e52ee99","No security vendors flagged this file as malicious"
"\Microsoft\Windows\Pluton\Pluton-Ksp-Provisioning","Custom (Enabled)","ComHandler","","","","",""
"\Microsoft\Windows\Power Efficiency Diagnostics\AnalyzeSystem","","ComHandler","","","","",""
"\Microsoft\Windows\Printing\EduPrintProv","Custom (Enabled)","Exec","C:\WINDOWS\system32\eduprintprov.exe","eduprintprov.exe","%windir%\system32\eduprintprov.exe","0c9ee97da2b0ea17c3c33661dcf800f5fe775822e1dd21b1f0590049047575b9","No security vendors flagged this file as malicious"
"\Microsoft\Windows\Printing\PrinterCleanupTask","Daily @ 2020-01-01T12:00:00 (Enabled)","ComHandler","","","","",""
"\Microsoft\Windows\Printing\PrintJobCleanupTask","Daily @ 2021-01-01T12:00:00 (Enabled)","ComHandler","","","","",""
"\Microsoft\Windows\PushToInstall\LoginCheck","Logon (Enabled)","Exec","C:\WINDOWS\system32\sc.exe","sc.exe","%windir%\system32\sc.exe start pushtoinstall login","a452bfcb6000d03942ddfaddcda5a7eb121447ed99b1ba090446b4a989f1f7ae","No security vendors flagged this file as malicious"
"\Microsoft\Windows\PushToInstall\Registration","Time @ 2026-01-11T11:23:09 (Enabled); Custom (Enabled)","Exec","C:\WINDOWS\system32\sc.exe","sc.exe","%windir%\system32\sc.exe start pushtoinstall registration","a452bfcb6000d03942ddfaddcda5a7eb121447ed99b1ba090446b4a989f1f7ae","No security vendors flagged this file as malicious"
"\Microsoft\Windows\Ras\MobilityManager","Event (Enabled)","ComHandler","","","","",""
"\Microsoft\Windows\ReFsDedupSvc\Initialization","Custom (Enabled)","ComHandler","","","","",""
"\Microsoft\Windows\Servicing\OOBEFodSetup","Custom (Enabled)","Exec","C:\WINDOWS\system32\OOBEFodSetup.exe","OOBEFodSetup.exe","%windir%\system32\OOBEFodSetup.exe","47204e404567d0adea48fd2b7821da40bd7456a0e945d709e62f227c4fb590c3","No security vendors flagged this file as malicious"
"\Microsoft\Windows\Servicing\StartComponentCleanup","","ComHandler","","","","",""
"\Microsoft\Windows\Setup\PITRTask","Boot (Enabled)","ComHandler","","","","",""
"\Microsoft\Windows\SharedPC\Account Cleanup","","ComHandler","","","","",""
"\Microsoft\Windows\Shell\FamilySafetyMonitor","","Exec","C:\WINDOWS\System32\wpcmon.exe","wpcmon.exe","%windir%\System32\wpcmon.exe","53bec2d16c08073407a4f192225851b25318a732d7b57708641d2f4c988680e8","No security vendors flagged this file as malicious"
"\Microsoft\Windows\Shell\FamilySafetyRefreshTask","Custom (Enabled)","ComHandler","","","","",""
"\Microsoft\Windows\Shell\IndexerAutomaticMaintenance","","ComHandler","","","","",""
"\Microsoft\Windows\Shell\ThemeAssetTask_SyncFODState","Idle (Enabled)","ComHandler","","","","",""
"\Microsoft\Windows\Shell\ThemesSyncedImageDownload","","ComHandler","","","","",""
"\Microsoft\Windows\Shell\UpdateUserPictureTask","Custom (Enabled)","ComHandler","","","","",""
"\Microsoft\Windows\Shell\UpdateUserPictureTaskContained","Custom (Enabled)","ComHandler","","","","",""
"\Microsoft\Windows\SpacePort\SpaceAgentTask","Boot (Disabled); Custom (Enabled)","Exec","C:\WINDOWS\system32\SpaceAgent.exe","SpaceAgent.exe","%windir%\system32\SpaceAgent.exe","8d1e8dcf37eaa38cd5601c296b52ca0b06414234f2b2b5502a38b79bdc78ddfe","No security vendors flagged this file as malicious"
"\Microsoft\Windows\SpacePort\SpaceManagerTask","Boot (Disabled); Custom (Enabled)","Exec","C:\WINDOWS\system32\spaceman.exe","spaceman.exe","%windir%\system32\spaceman.exe /Work","02a465b3d65e16df0c025cbe4735e1ef7dfaac1425aed27a3d449585a9b7e11c","No security vendors flagged this file as malicious"
"\Microsoft\Windows\Speech\SpeechModelDownloadTask","Time @ 2004-01-01T00:00:00 (Enabled)","Exec","C:\WINDOWS\system32\speech_onecore\common\SpeechModelDownload.exe","SpeechModelDownload.exe","%windir%\system32\speech_onecore\common\SpeechModelDownload.exe","d117873f942da288f2592b6d28c82270aa6964c5ac5890406bbe180df9a2525f","No security vendors flagged this file as malicious"
"\Microsoft\Windows\StateRepository\MaintenanceTasks","","Exec","C:\WINDOWS\system32\rundll32.exe","rundll32.exe","%windir%\system32\rundll32.exe %windir%\system32\Windows.StateRepositoryClient.dll,StateRepositoryDoMaintenanceTasks","4193f529bff2729769d82cb83ee206d2af16c59208d6dc5cd8b54cd9c6703a11","No security vendors flagged this file as malicious"
"\Microsoft\Windows\Storage Tiers Management\Storage Tiers Management Initialization","Custom (Enabled)","ComHandler","","","","",""
"\Microsoft\Windows\Storage Tiers Management\Storage Tiers Optimization","Time @ 2013-01-01T01:00:00 (Enabled)","Exec","C:\WINDOWS\system32\defrag.exe","defrag.exe","%windir%\system32\defrag.exe -c -h -g -# -m 8 -i 13500","150255e7099ef94ef16f62e67e8b9904ac89f19f19052fced4ac1d4a0cdacf32","No security vendors flagged this file as malicious"
"\Microsoft\Windows\Sustainability\PowerGridForecastTask","Custom (Enabled); Daily @ 2024-01-01T12:00:00 (Enabled)","ComHandler","","","","",""
"\Microsoft\Windows\Sustainability\SustainabilityTelemetry","","ComHandler","","","","",""
"\Microsoft\Windows\Sysmain\HybridDriveCachePrepopulate","","ComHandler","","","","",""
"\Microsoft\Windows\Sysmain\HybridDriveCacheRebalance","","ComHandler","","","","",""
"\Microsoft\Windows\Sysmain\ResPriStaticDbSync","","ComHandler","","","","",""
"\Microsoft\Windows\Sysmain\WsSwapAssessmentTask","","Exec","C:\WINDOWS\system32\rundll32.exe","rundll32.exe","%windir%\system32\rundll32.exe sysmain.dll,PfSvWsSwapAssessmentTask","4193f529bff2729769d82cb83ee206d2af16c59208d6dc5cd8b54cd9c6703a11","No security vendors flagged this file as malicious"
"\Microsoft\Windows\SystemRestore\SR","","Exec","C:\WINDOWS\system32\srtasks.exe","srtasks.exe","%windir%\system32\srtasks.exe ExecuteScheduledSPPCreation","693105226758b0e608db6679985f4cb96d2eea050cdf1924d33838534e608639","No security vendors flagged this file as malicious"
"\Microsoft\Windows\Time Synchronization\ForceSynchronizeTime","Custom (Enabled); Custom (Enabled)","ComHandler","","","","",""
"\Microsoft\Windows\Time Synchronization\SynchronizeTime","Custom (Enabled)","Exec","C:\WINDOWS\system32\sc.exe","sc.exe","%windir%\system32\sc.exe start w32time task_started","a452bfcb6000d03942ddfaddcda5a7eb121447ed99b1ba090446b4a989f1f7ae","No security vendors flagged this file as malicious"
"\Microsoft\Windows\Time Zone\SynchronizeTimeZone","","Exec","C:\WINDOWS\system32\tzsync.exe","tzsync.exe","%windir%\system32\tzsync.exe","8e4f16dfabc89421163e0422efda2d66f7bb32655006665388d6909d4416ed5e","No security vendors flagged this file as malicious"
"\Microsoft\Windows\TPM\Tpm-HASCertRetr","Custom (Enabled)","ComHandler","","","","",""
"\Microsoft\Windows\TPM\Tpm-Maintenance","Custom (Enabled); Custom (Enabled); Custom (Enabled); Custom (Enabled)","ComHandler","","","","",""
"\Microsoft\Windows\TPM\Tpm-PreAttestationHealthCheck","Custom (Enabled)","ComHandler","","","","",""
"\Microsoft\Windows\UpdateOrchestrator\Report policies","Custom (Enabled); Custom (Enabled)","Exec","C:\WINDOWS\system32\usoclient.exe","usoclient.exe","%systemroot%\system32\usoclient.exe ReportPolicies","e0e39b5519c29787772c008887acea2e9a7bf51e85733bf471c1505f5a30979f","No security vendors flagged this file as malicious"
"\Microsoft\Windows\UpdateOrchestrator\Schedule Maintenance Work","","Exec","C:\WINDOWS\system32\usoclient.exe","usoclient.exe","%systemroot%\system32\usoclient.exe StartMaintenanceWork","e0e39b5519c29787772c008887acea2e9a7bf51e85733bf471c1505f5a30979f","No security vendors flagged this file as malicious"
"\Microsoft\Windows\UpdateOrchestrator\Schedule Scan","Time @ 2019-01-01T12:00:00 (Enabled)","Exec","C:\WINDOWS\system32\usoclient.exe","usoclient.exe","%systemroot%\system32\usoclient.exe StartScan","e0e39b5519c29787772c008887acea2e9a7bf51e85733bf471c1505f5a30979f","No security vendors flagged this file as malicious"
"\Microsoft\Windows\UpdateOrchestrator\Schedule Scan Static Task","Custom (Enabled); Custom (Enabled); Custom (Enabled); Custom (Enabled); Event (Enabled)","Exec","C:\WINDOWS\system32\usoclient.exe","usoclient.exe","%systemroot%\system32\usoclient.exe StartScan","e0e39b5519c29787772c008887acea2e9a7bf51e85733bf471c1505f5a30979f","No security vendors flagged this file as malicious"
"\Microsoft\Windows\UpdateOrchestrator\Schedule Wake To Work","Time @ 2025-12-25T03:39:00+01:00 (Enabled)","Exec","C:\WINDOWS\system32\usoclient.exe","usoclient.exe","%systemroot%\system32\usoclient.exe StartWork","e0e39b5519c29787772c008887acea2e9a7bf51e85733bf471c1505f5a30979f","No security vendors flagged this file as malicious"
"\Microsoft\Windows\UpdateOrchestrator\Schedule Work","Time @ 2026-01-12T03:18:00+01:00 (Enabled)","Exec","C:\WINDOWS\system32\usoclient.exe","usoclient.exe","%systemroot%\system32\usoclient.exe StartWork","e0e39b5519c29787772c008887acea2e9a7bf51e85733bf471c1505f5a30979f","No security vendors flagged this file as malicious"
"\Microsoft\Windows\UpdateOrchestrator\Start Oobe Expedite Work","Custom (Enabled)","Exec","C:\WINDOWS\system32\usoclient.exe","usoclient.exe","%systemroot%\system32\usoclient.exe StartWork","e0e39b5519c29787772c008887acea2e9a7bf51e85733bf471c1505f5a30979f","No security vendors flagged this file as malicious"
"\Microsoft\Windows\UpdateOrchestrator\StartOobeAppsScanAfterUpdate","Custom (Enabled)","Exec","C:\WINDOWS\system32\usoclient.exe","usoclient.exe","%systemroot%\system32\usoclient.exe StartOobeAppsScanAfterUpdate","e0e39b5519c29787772c008887acea2e9a7bf51e85733bf471c1505f5a30979f","No security vendors flagged this file as malicious"
"\Microsoft\Windows\UpdateOrchestrator\StartOobeAppsScan_LicenseAccepted","Custom (Enabled)","Exec","C:\WINDOWS\system32\usoclient.exe","usoclient.exe","%systemroot%\system32\usoclient.exe StartOobeAppsScan","e0e39b5519c29787772c008887acea2e9a7bf51e85733bf471c1505f5a30979f","No security vendors flagged this file as malicious"
"\Microsoft\Windows\UpdateOrchestrator\UIEOrchestrator","Daily @ 2000-01-01T03:00:00 (Enabled)","Exec","C:\WINDOWS\system32\UIEOrchestrator.exe","UIEOrchestrator.exe","%systemroot%\system32\UIEOrchestrator.exe /SendHeartbeat","fdcd7fcc6ecb221bb830e9a0d7a3c859a8ac0ad885908731eb4ef267fd32140f","No security vendors flagged this file as malicious"
"\Microsoft\Windows\UpdateOrchestrator\USO_UxBroker","Custom (Enabled); Daily @ 2000-01-01T03:00:00 (Enabled)","Exec","C:\WINDOWS\system32\MusNotification.exe","MusNotification.exe","%systemroot%\system32\MusNotification.exe","ERROR_FILE_NOT_FOUND (WIN32: 2)","Skipped (ERROR_FILE_NOT_FOUND (WIN32: 2))"
"\Microsoft\Windows\UpdateOrchestrator\UUS Failover Task","Custom (Enabled)","Exec","C:\WINDOWS\System32\MLEngineStub.exe","MLEngineStub.exe","%windir%\System32\MLEngineStub.exe HandleUusFailoverEvaluationSignalFromWnf","9798246bfb036860b593dfe8e6b4f9e9fae098381e9b337d39c311932902c161","No security vendors flagged this file as malicious"
"\Microsoft\Windows\UPnP\UPnPHostConfig","","Exec","C:\WINDOWS\system32\sc.exe","sc.exe","sc.exe config upnphost start= auto","a452bfcb6000d03942ddfaddcda5a7eb121447ed99b1ba090446b4a989f1f7ae","No security vendors flagged this file as malicious"
"\Microsoft\Windows\UsageAndQualityInsights\UsageAndQualityInsights-MaintenanceTask","Daily @ 2025-08-15T00:00:00 (Enabled)","Exec","C:\Windows\System32\Microsoft.Data.UsageAndQualityInsights.MaintenanceTask.exe","Microsoft.Data.UsageAndQualityInsights.MaintenanceTask.exe","C:\Windows\System32\Microsoft.Data.UsageAndQualityInsights.MaintenanceTask.exe","b1099617ca904ee287beba0ee4957d857cca0cde5ce4c2ce297002b729406d77","No security vendors flagged this file as malicious"
"\Microsoft\Windows\User Profile Service\HiveUploadTask","Time @ 2007-08-28T00:00:00 (Enabled)","ComHandler","","","","",""
"\Microsoft\Windows\WaaSMedic\DeferredWork","Time @ 2025-07-23T21:51:50+01:00 (Enabled)","ComHandler","","","","",""
"\Microsoft\Windows\WaaSMedic\PerformRemediation","Time @ 2000-10-15T03:00:00 (Enabled)","ComHandler","","","","",""
"\Microsoft\Windows\Windows Defender\Windows Defender Cache Maintenance","","Exec","C:\ProgramData\Microsoft\Windows Defender\Platform\4.18.25110.6-0\MpCmdRun.exe","MpCmdRun.exe","C:\ProgramData\Microsoft\Windows Defender\Platform\4.18.25110.6-0\MpCmdRun.exe -IdleTask -TaskName WdCacheMaintenance","baee05cead26c8105363f244b6a630eeb0983e96c0f366ee05882f84a5dd324f","No security vendors flagged this file as malicious"
"\Microsoft\Windows\Windows Defender\Windows Defender Cleanup","","Exec","C:\ProgramData\Microsoft\Windows Defender\Platform\4.18.25110.6-0\MpCmdRun.exe","MpCmdRun.exe","C:\ProgramData\Microsoft\Windows Defender\Platform\4.18.25110.6-0\MpCmdRun.exe -IdleTask -TaskName WdCleanup","baee05cead26c8105363f244b6a630eeb0983e96c0f366ee05882f84a5dd324f","No security vendors flagged this file as malicious"
"\Microsoft\Windows\Windows Defender\Windows Defender Scheduled Scan","","Exec","C:\ProgramData\Microsoft\Windows Defender\Platform\4.18.25110.6-0\MpCmdRun.exe","MpCmdRun.exe","C:\ProgramData\Microsoft\Windows Defender\Platform\4.18.25110.6-0\MpCmdRun.exe Scan -ScheduleJob -ScanTrigger 55 -IdleScheduledJob","baee05cead26c8105363f244b6a630eeb0983e96c0f366ee05882f84a5dd324f","No security vendors flagged this file as malicious"
"\Microsoft\Windows\Windows Defender\Windows Defender Verification","","Exec","C:\ProgramData\Microsoft\Windows Defender\Platform\4.18.25110.6-0\MpCmdRun.exe","MpCmdRun.exe","C:\ProgramData\Microsoft\Windows Defender\Platform\4.18.25110.6-0\MpCmdRun.exe -IdleTask -TaskName WdVerification","baee05cead26c8105363f244b6a630eeb0983e96c0f366ee05882f84a5dd324f","No security vendors flagged this file as malicious"
"\Microsoft\Windows\Windows Error Reporting\QueueReporting","Boot (Enabled); Custom (Enabled); Custom (Enabled); Custom (Enabled); Time @ 2015-01-01T01:00:00+01:00 (Enabled)","Exec","C:\WINDOWS\system32\wermgr.exe","wermgr.exe","%windir%\system32\wermgr.exe -upload","c142d90a7a76a449ac0ffad77b4e87d0d44cbf7fb6975f57dbab1eb616157a6e","No security vendors flagged this file as malicious"
"\Microsoft\Windows\Windows Media Sharing\UpdateLibrary","Event (Enabled)","Exec","C:\Program Files\Windows Media Player\wmpnscfg.exe","wmpnscfg.exe","%ProgramFiles%\Windows Media Player\wmpnscfg.exe","7c357ad4a20ed83a2a34d1b7307db2d7636cadcbe1384636e39f198708be9407","No security vendors flagged this file as malicious"
"\Microsoft\Windows\WindowsAI\Recall\InitialConfiguration","Boot (Enabled); Registration (Enabled)","ComHandler","","","","",""
"\Microsoft\Windows\WindowsAI\Recall\PolicyConfiguration","Custom (Enabled); Custom (Enabled); Custom (Enabled); Custom (Enabled); SessionStateChange (Enabled)","ComHandler","","","","",""
"\Microsoft\Windows\WindowsAI\Settings\InitialConfiguration","Registration (Enabled); Boot (Enabled)","ComHandler","","","","",""
"\Microsoft\Windows\WindowsColorSystem\Calibration Loader","Logon (Enabled); SessionStateChange (Enabled)","ComHandler","","","","",""
"\Microsoft\Windows\WindowsUpdate\Refresh Group Policy Cache","Custom (Enabled)","ComHandler","","","","",""
"\Microsoft\Windows\WindowsUpdate\Scheduled Start","Time @ 2010-10-15T01:00:00+01:00 (Enabled); SessionStateChange (Disabled); SessionStateChange (Disabled); Custom (Disabled)","Exec","C:\WINDOWS\System32\sc.exe","sc.exe","%systemroot%\System32\sc.exe start wuauserv","a452bfcb6000d03942ddfaddcda5a7eb121447ed99b1ba090446b4a989f1f7ae","No security vendors flagged this file as malicious"
"\Microsoft\Windows\Wininet\CacheTask","Logon (Enabled)","ComHandler","","","","",""
"\Microsoft\Windows\WlanSvc\CDSSync","Custom (Enabled)","ComHandler","","","","",""
"\Microsoft\Windows\WlanSvc\MoProfileManagement","Custom (Enabled); Custom (Enabled)","ComHandler","","","","",""
"\Microsoft\Windows\WOF\WIM-Hash-Management","Custom (Enabled); Custom (Enabled)","ComHandler","","","","",""
"\Microsoft\Windows\WOF\WIM-Hash-Validation","","ComHandler","","","","",""
"\Microsoft\Windows\Work Folders\Work Folders Logon Synchronization","Logon (Enabled)","ComHandler","","","","",""
"\Microsoft\Windows\Work Folders\Work Folders Maintenance Work","Logon (Enabled)","ComHandler","","","","",""
"\Microsoft\Windows\Workplace Join\Automatic-Device-Join","Logon (Enabled); Event (Enabled)","Exec","C:\WINDOWS\System32\dsregcmd.exe","dsregcmd.exe","%SystemRoot%\System32\dsregcmd.exe $(Arg0) $(Arg1) $(Arg2)","f85fd26a2d327c019a46ae61cea543bb6da35702e4915e2e40f52a5fde2620a5","No security vendors flagged this file as malicious"
"\Microsoft\Windows\Workplace Join\Device-Sync","Custom (Enabled)","ComHandler","","","","",""
"\Microsoft\Windows\Workplace Join\Recovery-Check","Logon (Enabled); SessionStateChange (Enabled)","Exec","C:\WINDOWS\System32\dsregcmd.exe","dsregcmd.exe","%SystemRoot%\System32\dsregcmd.exe /checkrecovery","f85fd26a2d327c019a46ae61cea543bb6da35702e4915e2e40f52a5fde2620a5","No security vendors flagged this file as malicious"
"\Microsoft\Windows\WwanSvc\OobeDiscovery","Custom (Enabled); Custom (Enabled); Custom (Enabled)","ComHandler","","","","",""
"\Microsoft\XblGameSave\XblGameSaveTask","Idle (Disabled)","Exec","C:\WINDOWS\System32\XblGameSaveTask.exe","XblGameSaveTask.exe","%windir%\System32\XblGameSaveTask.exe standby","641c1f9aae56c5cecd78b153074b9a30da3f8db844541fdec401fb1282e4dffb","No security vendors flagged this file as malicious"
"\Mozilla\Firefox Background Update 308046B0AF4A39CB","Time @ 2023-10-15T05:43:51+01:00 (Enabled)","Exec","C:\Program Files\Mozilla Firefox\firefox.exe","firefox.exe","C:\Program Files\Mozilla Firefox\firefox.exe --MOZ_LOG sync,prependheader,timestamp,append,maxsize:1,Dump:5 --MOZ_LOG_FILE C:\ProgramData\Mozilla-1de4eec8-1241-4177-a864-e594e8d1fb38\updates\308046B0AF4A39CB\backgroundupdate.moz_log --backgroundtask backgroundupdate","9714f40774c80376d66eedf538ba4a00e1863b68dfe77abfaec1b82b78f05e34","No security vendors flagged this file as malicious"
"\Mozilla\Firefox Background Update S-1-5-21-728489383-1159715606-2488544086-1001 308046B0AF4A39CB","Time @ 2024-02-25T20:28:52+01:00 (Enabled)","Exec","C:\Program Files\Mozilla Firefox\firefox.exe","firefox.exe","C:\Program Files\Mozilla Firefox\firefox.exe --MOZ_LOG sync,prependheader,timestamp,append,maxsize:1,Dump:5 --MOZ_LOG_FILE C:\ProgramData\Mozilla-1de4eec8-1241-4177-a864-e594e8d1fb38\updates\308046B0AF4A39CB\backgroundupdate.moz_log --backgroundtask backgroundupdate","9714f40774c80376d66eedf538ba4a00e1863b68dfe77abfaec1b82b78f05e34","No security vendors flagged this file as malicious"
"\Mozilla\Firefox Default Browser Agent 308046B0AF4A39CB","Daily @ 2025-12-24T22:55:37+01:00 (Enabled)","Exec","C:\Program Files\Mozilla Firefox\default-browser-agent.exe","default-browser-agent.exe","C:\Program Files\Mozilla Firefox\default-browser-agent.exe do-task ""308046B0AF4A39CB""","7eda4a24808f45d04c98a55bd8960dfdb5be23877241a2496609e15591a5023d","No security vendors flagged this file as malicious"
"\npcapwatchdog","Boot (Enabled)","Exec","C:\Program Files\Npcap\CheckStatus.bat","CheckStatus.bat","C:\Program Files\Npcap\CheckStatus.bat","102efb3c86bcd94bf10deca9e787ba3c1bb2075279317413a85b785fb519c789","No security vendors flagged this file as malicious"
"\OneDrive Per-Machine Standalone Update Task","Time @ 1992-05-01T15:00:00 (Enabled)","Exec","C:\Program Files\Microsoft OneDrive\OneDriveStandaloneUpdater.exe","OneDriveStandaloneUpdater.exe","C:\Program Files\Microsoft OneDrive\OneDriveStandaloneUpdater.exe","1a8e83117cb85ebce6e7fb0eff4ecbe0c506b363e7ae8f702d2cd77ccdd19a5e","Rate limit hit (HTTP 429) - try again later"
"\OneDrive Reporting Task-S-1-5-21-728489383-1159715606-2488544086-1000","Time @ 2023-10-14T00:39:41 (Enabled)","Exec","C:\Program Files (x86)\Microsoft OneDrive\OneDriveStandaloneUpdater.exe","OneDriveStandaloneUpdater.exe","C:\Program Files (x86)\Microsoft OneDrive\OneDriveStandaloneUpdater.exe /reporting","PATH_NOT_FOUND (WIN32: 3)","Skipped (PATH_NOT_FOUND (WIN32: 3))"
"\OneDrive Reporting Task-S-1-5-21-728489383-1159715606-2488544086-1001","Time @ 2025-12-16T16:22:30 (Enabled)","Exec","C:\Program Files\Microsoft OneDrive\OneDriveStandaloneUpdater.exe","OneDriveStandaloneUpdater.exe","C:\Program Files\Microsoft OneDrive\OneDriveStandaloneUpdater.exe /reporting","1a8e83117cb85ebce6e7fb0eff4ecbe0c506b363e7ae8f702d2cd77ccdd19a5e","Rate limit hit (HTTP 429) - try again later"
"\OneDrive Startup Task-S-1-5-21-728489383-1159715606-2488544086-1001","Logon (Enabled)","Exec","C:\Program Files\Microsoft OneDrive\25.222.1112.0002\OneDriveLauncher.exe","OneDriveLauncher.exe","C:\Program Files\Microsoft OneDrive\25.222.1112.0002\OneDriveLauncher.exe /startInstances","0aa4e42fd788fae0bdd7cc9cc20099979f329406c8c1552a9c8a02c919e3ea01","Rate limit hit (HTTP 429) - try again later"
"\SamsungMagician","Logon (Enabled)","Exec","C:\Program Files (x86)\Samsung\Samsung Magician\SamsungMagician.exe","SamsungMagician.exe","C:\Program Files (x86)\Samsung\Samsung Magician\SamsungMagician.exe /AUTOHIDE","6316ebaabbffd60b1a541474c1b7c46da2580eb71bdd6c9fb5de33f87dc5872c","Rate limit hit (HTTP 429) - try again later"
"\Samsung_PSSD_Registration","Logon (Enabled)","Exec","C:\ProgramData\Samsung Apps\Portable SSD\SamsungPortableSSDMon.exe","SamsungPortableSSDMon.exe","C:\ProgramData\Samsung Apps\Portable SSD\SamsungPortableSSDMon.exe","387487bbc22551d7945cb6e3b5e5d062a93eacc55f0b8c572311c9aa1aaac14f","Rate limit hit (HTTP 429) - try again later"
"\ZoomUpdateTaskUser-S-1-5-21-728489383-1159715606-2488544086-1001","Daily @ 2024-01-01T05:31:00 (Enabled)","Exec","C:\Users\mikew\AppData\Roaming\Zoom\bin\Zoom.exe","Zoom.exe","C:\Users\mikew\AppData\Roaming\Zoom\bin\Zoom.exe --action=UpdateSchedule","c4dbc8ba21bc456035035e491afe707ee228d5af3c203331af220f14b4fa0eba","Rate limit hit (HTTP 429) - try again later"
