Service Name,Status,Startup Type,Executable Path,Executable File Name,Executable Command Line,Executable File SHA-256 Hash,VirusTotal Detection Summary
"Adapter odbiornika Net.Msmq (NetMsmqActivator)","Running","Automatic","C:\WINDOWS\Microsoft.NET\Framework64\v4.0.30319\SMSvcHost.exe","SMSvcHost.exe","C:\WINDOWS\Microsoft.NET\Framework64\v4.0.30319\SMSvcHost.exe -NetMsmqActivator","d4049183b485b44da95a359cf9dae14934aa95cfb542ee4721e7038e3f38c5b5","No security vendors flagged this file as malicious"
"Adapter odbiornika Net.Pipe (NetPipeActivator)","Running","Automatic","C:\WINDOWS\Microsoft.NET\Framework64\v4.0.30319\SMSvcHost.exe","SMSvcHost.exe","C:\WINDOWS\Microsoft.NET\Framework64\v4.0.30319\SMSvcHost.exe","d4049183b485b44da95a359cf9dae14934aa95cfb542ee4721e7038e3f38c5b5","No security vendors flagged this file as malicious"
"Adapter odbiornika Net.Tcp (NetTcpActivator)","Running","Automatic","C:\WINDOWS\Microsoft.NET\Framework64\v4.0.30319\SMSvcHost.exe","SMSvcHost.exe","C:\WINDOWS\Microsoft.NET\Framework64\v4.0.30319\SMSvcHost.exe","d4049183b485b44da95a359cf9dae14934aa95cfb542ee4721e7038e3f38c5b5","No security vendors flagged this file as malicious"
"Adobe Acrobat Update Service (AdobeARMservice)","Running","Automatic","C:\Program Files (x86)\Common Files\Adobe\ARM\1.0\armsvc.exe","armsvc.exe","C:\Program Files (x86)\Common Files\Adobe\ARM\1.0\armsvc.exe","48f8b40e023e8ae9b60d757d822f0d0ce14e31fec9e35c3ccf776830488496fb","No security vendors flagged this file as malicious"
"Agent Activation Runtime_eb1c3 (AarSvc_eb1c3)","Stopped","Manual","C:\WINDOWS\system32\svchost.exe","svchost.exe","C:\WINDOWS\system32\svchost.exe -k AarSvcGroup -p","53a39b900e3bfbf384acd13f0fc2329fa8d42b61e993d8ed5adf3a1428005d26","No security vendors flagged this file as malicious"
"Agent zasad IPsec (PolicyAgent)","Running","Manual","C:\WINDOWS\system32\svchost.exe","svchost.exe","C:\WINDOWS\system32\svchost.exe -k NetworkServiceNetworkRestricted -p","53a39b900e3bfbf384acd13f0fc2329fa8d42b61e993d8ed5adf3a1428005d26","No security vendors flagged this file as malicious"
"AlpsAlpine HID Monitor Service (ApHidMonitorService)","Running","Automatic","C:\WINDOWS\system32\DellTPad\HidMonitorSvc.exe","HidMonitorSvc.exe","C:\WINDOWS\system32\DellTPad\HidMonitorSvc.exe","58e7268d6df4e90688750701012565af16aff3a143277886c896bb8e671cd9d1","No security vendors flagged this file as malicious"
"Aplikacja systemowa modelu COM+ (COMSysApp)","Stopped","Manual","C:\WINDOWS\system32\dllhost.exe","dllhost.exe","C:\WINDOWS\system32\dllhost.exe /Processid:{02D4B3F1-FD88-11D1-960D-00805FC79235}","50c9c2edea6c51f1aad2dd80a59f4edb32637f51714f8472d216e5b9bdacdabf","No security vendors flagged this file as malicious"
"AppX Deployment Service (AppXSVC) (AppXSvc)","Stopped","Automatic","C:\WINDOWS\system32\svchost.exe","svchost.exe","C:\WINDOWS\system32\svchost.exe -k wsappx -p","53a39b900e3bfbf384acd13f0fc2329fa8d42b61e993d8ed5adf3a1428005d26","No security vendors flagged this file as malicious"
"ASP.NET State Service (aspnet_state)","Stopped","Manual","C:\WINDOWS\Microsoft.NET\Framework64\v4.0.30319\aspnet_state.exe","aspnet_state.exe","C:\WINDOWS\Microsoft.NET\Framework64\v4.0.30319\aspnet_state.exe","506c05c226609b388a5dfd2cbf1962d2d9e595769452eca84e4c14b36b4f32d7","No security vendors flagged this file as malicious"
"Asystent logowania za pomocą konta Microsoft (wlidsvc)","Stopped","Manual","C:\WINDOWS\system32\svchost.exe","svchost.exe","C:\WINDOWS\system32\svchost.exe -k netsvcs -p","53a39b900e3bfbf384acd13f0fc2329fa8d42b61e993d8ed5adf3a1428005d26","No security vendors flagged this file as malicious"
"Asystent łączności sieciowej (NcaSvc)","Stopped","Manual","C:\WINDOWS\System32\svchost.exe","svchost.exe","C:\WINDOWS\System32\svchost.exe -k NetSvcs -p","53a39b900e3bfbf384acd13f0fc2329fa8d42b61e993d8ed5adf3a1428005d26","No security vendors flagged this file as malicious"
"Autokonfiguracja sieci WLAN (WlanSvc)","Running","Automatic","C:\WINDOWS\system32\svchost.exe","svchost.exe","C:\WINDOWS\system32\svchost.exe -k LocalSystemNetworkRestricted -p","53a39b900e3bfbf384acd13f0fc2329fa8d42b61e993d8ed5adf3a1428005d26","No security vendors flagged this file as malicious"
"Autokonfiguracja urządzeń podłączonych do sieci (NcdAutoSetup)","Stopped","Manual","C:\WINDOWS\System32\svchost.exe","svchost.exe","C:\WINDOWS\System32\svchost.exe -k LocalServiceNoNetwork -p","53a39b900e3bfbf384acd13f0fc2329fa8d42b61e993d8ed5adf3a1428005d26","No security vendors flagged this file as malicious"
"Automatyczna aktualizacja strefy czasowej (tzautoupdate)","Stopped","Disabled","C:\WINDOWS\system32\svchost.exe","svchost.exe","C:\WINDOWS\system32\svchost.exe -k LocalService -p","53a39b900e3bfbf384acd13f0fc2329fa8d42b61e993d8ed5adf3a1428005d26","No security vendors flagged this file as malicious"
"Automatyczna konfiguracja sieci przewodowej (dot3svc)","Stopped","Manual","C:\WINDOWS\system32\svchost.exe","svchost.exe","C:\WINDOWS\system32\svchost.exe -k LocalSystemNetworkRestricted -p","53a39b900e3bfbf384acd13f0fc2329fa8d42b61e993d8ed5adf3a1428005d26","No security vendors flagged this file as malicious"
"Automatyczne konfigurowanie bezprzewodowej sieci WAN (WwanSvc)","Stopped","Manual","C:\WINDOWS\system32\svchost.exe","svchost.exe","C:\WINDOWS\system32\svchost.exe -k LocalSystemNetworkRestricted -p","53a39b900e3bfbf384acd13f0fc2329fa8d42b61e993d8ed5adf3a1428005d26","No security vendors flagged this file as malicious"
"BranchCache (PeerDistSvc)","Stopped","Manual","C:\WINDOWS\System32\svchost.exe","svchost.exe","C:\WINDOWS\System32\svchost.exe -k PeerDist","53a39b900e3bfbf384acd13f0fc2329fa8d42b61e993d8ed5adf3a1428005d26","No security vendors flagged this file as malicious"
"Broker czasu (TimeBrokerSvc)","Running","Manual","C:\WINDOWS\system32\svchost.exe","svchost.exe","C:\WINDOWS\system32\svchost.exe -k LocalServiceNetworkRestricted -p","53a39b900e3bfbf384acd13f0fc2329fa8d42b61e993d8ed5adf3a1428005d26","No security vendors flagged this file as malicious"
"Broker połączeń sieciowych (NcbService)","Running","Manual","C:\WINDOWS\System32\svchost.exe","svchost.exe","C:\WINDOWS\System32\svchost.exe -k LocalSystemNetworkRestricted -p","53a39b900e3bfbf384acd13f0fc2329fa8d42b61e993d8ed5adf3a1428005d26","No security vendors flagged this file as malicious"
"Broker wykrywania w tle zapytań dotyczących urządzeń (DevQueryBroker)","Stopped","Manual","C:\WINDOWS\system32\svchost.exe","svchost.exe","C:\WINDOWS\system32\svchost.exe -k LocalSystemNetworkRestricted -p","53a39b900e3bfbf384acd13f0fc2329fa8d42b61e993d8ed5adf3a1428005d26","No security vendors flagged this file as malicious"
"Broker zdarzeń systemowych (SystemEventsBroker)","Running","Automatic","C:\WINDOWS\system32\svchost.exe","svchost.exe","C:\WINDOWS\system32\svchost.exe -k DcomLaunch -p","53a39b900e3bfbf384acd13f0fc2329fa8d42b61e993d8ed5adf3a1428005d26","No security vendors flagged this file as malicious"
"Bufor wydruku (Spooler)","Running","Automatic","C:\WINDOWS\System32\spoolsv.exe","spoolsv.exe","C:\WINDOWS\System32\spoolsv.exe","6602f76dfcc15be405b48711e61017bad6fba593748c3b03166578f1cb30b05f","No security vendors flagged this file as malicious"
"CaptureService_eb1c3 (CaptureService_eb1c3)","Stopped","Manual","C:\WINDOWS\system32\svchost.exe","svchost.exe","C:\WINDOWS\system32\svchost.exe -k LocalService -p","53a39b900e3bfbf384acd13f0fc2329fa8d42b61e993d8ed5adf3a1428005d26","No security vendors flagged this file as malicious"
"Centrum zabezpieczeń (wscsvc)","Running","Automatic","C:\WINDOWS\System32\svchost.exe","svchost.exe","C:\WINDOWS\System32\svchost.exe -k LocalServiceNetworkRestricted -p","53a39b900e3bfbf384acd13f0fc2329fa8d42b61e993d8ed5adf3a1428005d26","No security vendors flagged this file as malicious"
"CMigrationService (CMigrationService)","Running","Automatic","C:\Program Files (x86)\Samsung\Samsung Magician\MigrationService\MigrationService.exe","MigrationService.exe","C:\Program Files (x86)\Samsung\Samsung Magician\MigrationService\MigrationService.exe","372739fc23dfa8bbf2f526556463ee5fb0792ab673afb5d609d322c952e165fc","No security vendors flagged this file as malicious"
"CoreMessaging (CoreMessagingRegistrar)","Running","Automatic","C:\WINDOWS\system32\svchost.exe","svchost.exe","C:\WINDOWS\system32\svchost.exe -k LocalServiceNoNetwork -p","53a39b900e3bfbf384acd13f0fc2329fa8d42b61e993d8ed5adf3a1428005d26","No security vendors flagged this file as malicious"
"Credential Vault Host Control Service (hostcontrolsvc)","Running","Automatic","C:\WINDOWS\System32\HostControlService.exe","HostControlService.exe","C:\WINDOWS\System32\HostControlService.exe","921fb6b019316f5c87c30b17274c0934a50ed8579b362da17b754aa689e76c01","No security vendors flagged this file as malicious"
"Credential Vault Host Storage (hoststoragesvc)","Running","Automatic","C:\WINDOWS\System32\HostStorageService.exe","HostStorageService.exe","C:\WINDOWS\System32\HostStorageService.exe","b7e38ec16ac6bc04d4e730fdf4a47246f54d6af035e6452f689cc5cfe11315d3","No security vendors flagged this file as malicious"
"Credential Vault Upgrade Service (ushupgradesvc)","Running","Automatic","C:\WINDOWS\System32\UshUpgradeService.exe","UshUpgradeService.exe","C:\WINDOWS\System32\UshUpgradeService.exe","fc912c5b812f8722b1286f1c97905c65a220b168728e11b7449d4f6e28b09016","No security vendors flagged this file as malicious"
"CredentialEnrollmentManagerUserSvc_eb1c3 (CredentialEnrollmentManagerUserSvc_eb1c3)","Stopped","Manual","C:\WINDOWS\system32\CredentialEnrollmentManager.exe","CredentialEnrollmentManager.exe","C:\WINDOWS\system32\CredentialEnrollmentManager.exe","48cde88702b019c7568dbf36b037c4ffa5d7123eff46577b218bd4fbbd0abd31","No security vendors flagged this file as malicious"
"Czas komórkowy (autotimesvc)","Stopped","Manual","C:\WINDOWS\system32\svchost.exe","svchost.exe","C:\WINDOWS\system32\svchost.exe -k autoTimeSvc","53a39b900e3bfbf384acd13f0fc2329fa8d42b61e993d8ed5adf3a1428005d26","No security vendors flagged this file as malicious"
"Dane kontaktowe_eb1c3 (PimIndexMaintenanceSvc_eb1c3)","Running","Manual","C:\WINDOWS\system32\svchost.exe","svchost.exe","C:\WINDOWS\system32\svchost.exe -k UnistackSvcGroup","53a39b900e3bfbf384acd13f0fc2329fa8d42b61e993d8ed5adf3a1428005d26","No security vendors flagged this file as malicious"
"Dell Client Management Service (DellClientManagementService)","Running","Automatic","C:\Program Files (x86)\Dell\UpdateService\ServiceShell.exe","ServiceShell.exe","C:\Program Files (x86)\Dell\UpdateService\ServiceShell.exe","12c871a4c3a9e8b27037b229704ad7af8ecaeffe61bacb37f769cb8d9b94b0df","No security vendors flagged this file as malicious"
"Dell Free Fall Data Protection WMI Service (DellFFDPWmiService)","Running","Automatic","C:\WINDOWS\System32\drivers\DellFFDPWmiService.exe","DellFFDPWmiService.exe","C:\WINDOWS\System32\drivers\DellFFDPWmiService.exe","8ceda398ae2240ed7d61be29e31060be4123a5daa89ae1e0f9a0118a7bb0fd44","No security vendors flagged this file as malicious"
"Dell SupportAssist (SupportAssistAgent)","Running","Automatic","C:\Program Files\Dell\SupportAssistAgent\bin\SupportAssistAgent.exe","SupportAssistAgent.exe","C:\Program Files\Dell\SupportAssistAgent\bin\SupportAssistAgent.exe","7c09f15b8449d71f168b6699a0a56f1686964eb96e14b3c02cd7d86cc7ddd0d5","No security vendors flagged this file as malicious"
"Dell TechHub (DellTechHub)","Running","Automatic","C:\Program Files\Dell\TechHub\Dell.TechHub.exe","Dell.TechHub.exe","C:\Program Files\Dell\TechHub\Dell.TechHub.exe","a56195c596f8812a1739bcdeef26481ad6312c001dc4b09fdc6e33938f51fc20","No security vendors flagged this file as malicious"
"DeviceAssociationBroker_eb1c3 (DeviceAssociationBrokerSvc_eb1c3)","Stopped","Manual","C:\WINDOWS\system32\svchost.exe","svchost.exe","C:\WINDOWS\system32\svchost.exe -k DevicesFlow -p","53a39b900e3bfbf384acd13f0fc2329fa8d42b61e993d8ed5adf3a1428005d26","No security vendors flagged this file as malicious"
"DevicePicker_eb1c3 (DevicePickerUserSvc_eb1c3)","Stopped","Manual","C:\WINDOWS\system32\svchost.exe","svchost.exe","C:\WINDOWS\system32\svchost.exe -k DevicesFlow","53a39b900e3bfbf384acd13f0fc2329fa8d42b61e993d8ed5adf3a1428005d26","No security vendors flagged this file as malicious"
"Diagnostic Execution Service (diagsvc)","Stopped","Manual","C:\WINDOWS\System32\svchost.exe","svchost.exe","C:\WINDOWS\System32\svchost.exe -k diagnostics","53a39b900e3bfbf384acd13f0fc2329fa8d42b61e993d8ed5adf3a1428005d26","No security vendors flagged this file as malicious"
"Dostawca kopiowania w tle oprogramowania firmy Microsoft (swprv)","Stopped","Manual","C:\WINDOWS\System32\svchost.exe","svchost.exe","C:\WINDOWS\System32\svchost.exe -k swprv","53a39b900e3bfbf384acd13f0fc2329fa8d42b61e993d8ed5adf3a1428005d26","No security vendors flagged this file as malicious"
"Dostęp do danych użytkownika_eb1c3 (UserDataSvc_eb1c3)","Running","Manual","C:\WINDOWS\system32\svchost.exe","svchost.exe","C:\WINDOWS\system32\svchost.exe -k UnistackSvcGroup","53a39b900e3bfbf384acd13f0fc2329fa8d42b61e993d8ed5adf3a1428005d26","No security vendors flagged this file as malicious"
"Dysk wirtualny (vds)","Stopped","Manual","C:\WINDOWS\System32\vds.exe","vds.exe","C:\WINDOWS\System32\vds.exe","f8d3eff54b06e243e4f6c13e007bc9cf97ea6df5e64a1179b87ea3dfaf7ff738","No security vendors flagged this file as malicious"
"Dziennik zdarzeń Windows (EventLog)","Running","Automatic","C:\WINDOWS\System32\svchost.exe","svchost.exe","C:\WINDOWS\System32\svchost.exe -k LocalServiceNetworkRestricted -p","53a39b900e3bfbf384acd13f0fc2329fa8d42b61e993d8ed5adf3a1428005d26","No security vendors flagged this file as malicious"
"Dzienniki wydajności i &alerty (pla)","Stopped","Manual","C:\WINDOWS\System32\svchost.exe","svchost.exe","C:\WINDOWS\System32\svchost.exe -k LocalServiceNoNetwork -p","53a39b900e3bfbf384acd13f0fc2329fa8d42b61e993d8ed5adf3a1428005d26","No security vendors flagged this file as malicious"
"FileSyncHelper (FileSyncHelper)","Stopped","Manual","C:\Program Files\Microsoft OneDrive\25.222.1112.0002\FileSyncHelper.exe","FileSyncHelper.exe","C:\Program Files\Microsoft OneDrive\25.222.1112.0002\FileSyncHelper.exe","154b786e3a5bc35513d74d2cb81db21b8ee216213428c8f401e038bd55431ae9","No security vendors flagged this file as malicious"
"Filtr klawiatury firmy Microsoft (MsKeyboardFilter)","Stopped","Disabled","C:\WINDOWS\system32\svchost.exe","svchost.exe","C:\WINDOWS\system32\svchost.exe -k netsvcs -p","53a39b900e3bfbf384acd13f0fc2329fa8d42b61e993d8ed5adf3a1428005d26","No security vendors flagged this file as malicious"
"Foldery robocze (workfolderssvc)","Stopped","Manual","C:\WINDOWS\System32\svchost.exe","svchost.exe","C:\WINDOWS\System32\svchost.exe -k LocalService -p","53a39b900e3bfbf384acd13f0fc2329fa8d42b61e993d8ed5adf3a1428005d26","No security vendors flagged this file as malicious"
"GameInput Service (GameInputSvc)","Stopped","Manual","C:\WINDOWS\System32\GameInputSvc.exe","GameInputSvc.exe","C:\WINDOWS\System32\GameInputSvc.exe","2722d3d9e7664183fcb37e8aa970253a28050393a4b2981027e2edb7e1f8d6dc","No security vendors flagged this file as malicious"
"Google Chrome Elevation Service (GoogleChromeElevationService) (GoogleChromeElevationService)","Stopped","Manual","C:\Program Files\Google\Chrome\Application\143.0.7499.193\elevation_service.exe","elevation_service.exe","C:\Program Files\Google\Chrome\Application\143.0.7499.193\elevation_service.exe","ab6672eef705abd144157b6bb743c6ea78c082601691c2c385c0934ecef1184c","No security vendors flagged this file as malicious"
"GraphicsPerfSvc (GraphicsPerfSvc)","Stopped","Manual","C:\WINDOWS\System32\svchost.exe","svchost.exe","C:\WINDOWS\System32\svchost.exe -k GraphicsPerfSvcGroup","53a39b900e3bfbf384acd13f0fc2329fa8d42b61e993d8ed5adf3a1428005d26","No security vendors flagged this file as malicious"
"Harmonogram zadań (Schedule)","Running","Automatic","C:\WINDOWS\system32\svchost.exe","svchost.exe","C:\WINDOWS\system32\svchost.exe -k netsvcs -p","53a39b900e3bfbf384acd13f0fc2329fa8d42b61e993d8ed5adf3a1428005d26","No security vendors flagged this file as malicious"
"Host biblioteki DLL liczników wydajności (PerfHost)","Stopped","Manual","C:\WINDOWS\SysWow64\perfhost.exe","perfhost.exe","C:\WINDOWS\SysWow64\perfhost.exe","0e24d83a815a402b65e84073f0c28fcb58372def459a1a0e35099e53253a6fbd","No security vendors flagged this file as malicious"
"Host dostawcy odnajdowania funkcji (fdPHost)","Stopped","Manual","C:\WINDOWS\system32\svchost.exe","svchost.exe","C:\WINDOWS\system32\svchost.exe -k LocalService -p","53a39b900e3bfbf384acd13f0fc2329fa8d42b61e993d8ed5adf3a1428005d26","No security vendors flagged this file as malicious"
"Host systemu diagnostyki (WdiSystemHost)","Running","Manual","C:\WINDOWS\System32\svchost.exe","svchost.exe","C:\WINDOWS\System32\svchost.exe -k LocalSystemNetworkRestricted -p","53a39b900e3bfbf384acd13f0fc2329fa8d42b61e993d8ed5adf3a1428005d26","No security vendors flagged this file as malicious"
"Host urządzenia UPnP (upnphost)","Stopped","Manual","C:\WINDOWS\system32\svchost.exe","svchost.exe","C:\WINDOWS\system32\svchost.exe -k LocalServiceAndNoImpersonation -p","53a39b900e3bfbf384acd13f0fc2329fa8d42b61e993d8ed5adf3a1428005d26","No security vendors flagged this file as malicious"
"Host usługi diagnostyki (WdiServiceHost)","Stopped","Manual","C:\WINDOWS\System32\svchost.exe","svchost.exe","C:\WINDOWS\System32\svchost.exe -k LocalService -p","53a39b900e3bfbf384acd13f0fc2329fa8d42b61e993d8ed5adf3a1428005d26","No security vendors flagged this file as malicious"
"Hotpatch Monitoring Service (hpatchmon)","Stopped","Manual","C:\WINDOWS\system32\svchost.exe","svchost.exe","C:\WINDOWS\system32\svchost.exe -k LocalSystemNetworkRestricted -p","53a39b900e3bfbf384acd13f0fc2329fa8d42b61e993d8ed5adf3a1428005d26","No security vendors flagged this file as malicious"
"Informacje o aplikacji (Appinfo)","Running","Manual","C:\WINDOWS\system32\svchost.exe","svchost.exe","C:\WINDOWS\system32\svchost.exe -k netsvcs -p","53a39b900e3bfbf384acd13f0fc2329fa8d42b61e993d8ed5adf3a1428005d26","No security vendors flagged this file as malicious"
"Instalator kontrolek ActiveX (AxInstSV) (AxInstSV)","Stopped","Manual","C:\WINDOWS\system32\svchost.exe","svchost.exe","C:\WINDOWS\system32\svchost.exe -k AxInstSVGroup","53a39b900e3bfbf384acd13f0fc2329fa8d42b61e993d8ed5adf3a1428005d26","No security vendors flagged this file as malicious"
"Instalator modułów systemu Windows (TrustedInstaller)","Stopped","Manual","C:\WINDOWS\servicing\TrustedInstaller.exe","TrustedInstaller.exe","C:\WINDOWS\servicing\TrustedInstaller.exe","f9001ade177042de72ed890efdcea3790c95a530816a1d7fd1bb86bae1696fd6","No security vendors flagged this file as malicious"
"Instalator Windows (msiserver)","Stopped","Manual","C:\WINDOWS\system32\msiexec.exe","msiexec.exe","C:\WINDOWS\system32\msiexec.exe /V","677417ba3ad87f73cd95ad30423998c6089e7eef381b309a562cda1eb6fe178e","No security vendors flagged this file as malicious"
"Instrumentacja zarządzania Windows (Winmgmt)","Running","Automatic","C:\WINDOWS\system32\svchost.exe","svchost.exe","C:\WINDOWS\system32\svchost.exe -k netsvcs -p","53a39b900e3bfbf384acd13f0fc2329fa8d42b61e993d8ed5adf3a1428005d26","No security vendors flagged this file as malicious"
"Intel(R) Audio Service (IntelAudioService)","Stopped","Automatic","C:\WINDOWS\system32\cAVS\Intel(R) Audio Service\IntelAudioService.exe","IntelAudioService.exe","C:\WINDOWS\system32\cAVS\Intel(R) Audio Service\IntelAudioService.exe","462eacc2c738eff459fddd79a1a741b219b7b752a658dcd764df13ad1c3f6651","No security vendors flagged this file as malicious"
"Intel(R) Capability Licensing Service TCP IP Interface (Intel(R) Capability Licensing Service TCP IP Interface)","Stopped","Manual","C:\Program Files\Intel\Intel(R) Management Engine Components\iCLS\SocketHeciServer.exe","SocketHeciServer.exe","C:\Program Files\Intel\Intel(R) Management Engine Components\iCLS\SocketHeciServer.exe","90b5362921cda3c242d5f53629179a8aefffe0fc573783e95c0269e4b39304f7","No security vendors flagged this file as malicious"
"Intel(R) Content Protection HDCP Service (cplspcon)","Running","Automatic","C:\WINDOWS\System32\DriverStore\FileRepository\iigd_dch.inf_amd64_30c72947a1f2fc36\IntelCpHDCPSvc.exe","IntelCpHDCPSvc.exe","C:\WINDOWS\System32\DriverStore\FileRepository\iigd_dch.inf_amd64_30c72947a1f2fc36\IntelCpHDCPSvc.exe","dda4eb6bbb34e367bdaf35f1356d3702a7247fccdd29583dc22fdf7e1ce2d911","No security vendors flagged this file as malicious"
"Intel(R) Content Protection HECI Service (cphs)","Running","Manual","C:\WINDOWS\System32\DriverStore\FileRepository\iigd_dch.inf_amd64_30c72947a1f2fc36\IntelCpHeciSvc.exe","IntelCpHeciSvc.exe","C:\WINDOWS\System32\DriverStore\FileRepository\iigd_dch.inf_amd64_30c72947a1f2fc36\IntelCpHeciSvc.exe","91e15254153dc37eca321cf44c7ebc0691c961725839683525ed6717198ba2f5","No security vendors flagged this file as malicious"
"Intel(R) Dynamic Application Loader Host Interface Service (jhi_service)","Running","Automatic","C:\WINDOWS\System32\jhi_service.exe","jhi_service.exe","C:\WINDOWS\System32\jhi_service.exe","06dc78b0daef262a066dbef082f1caa075fa91dde34ab3656c694224f0abb717","No security vendors flagged this file as malicious"
"Intel(R) Dynamic Tuning service (esifsvc)","Running","Automatic","C:\WINDOWS\System32\DriverStore\FileRepository\dptf_cpu.inf_amd64_c2c5b0e17a28a48f\esif_uf.exe","esif_uf.exe","C:\WINDOWS\System32\DriverStore\FileRepository\dptf_cpu.inf_amd64_c2c5b0e17a28a48f\esif_uf.exe","75e93242cfbf6daba641a1ba6f833708fc1c07bc8aae1fc6d5a4929a49d9fe2b","No security vendors flagged this file as malicious"
"Intel(R) Graphics Command Center Service (igccservice)","Running","Automatic","C:\WINDOWS\System32\DriverStore\FileRepository\igcc_dch.inf_amd64_4d06d7f3655985a2\OneApp.IGCC.WinService.exe","OneApp.IGCC.WinService.exe","C:\WINDOWS\System32\DriverStore\FileRepository\igcc_dch.inf_amd64_4d06d7f3655985a2\OneApp.IGCC.WinService.exe","2f395bc8dde5774b003ab8285998d7bea9c7680fbf4ebd715c9c6326cb0d18dd","No security vendors flagged this file as malicious"
"Intel(R) HD Graphics Control Panel Service (igfxCUIService2.0.0.0)","Running","Automatic","C:\WINDOWS\System32\DriverStore\FileRepository\cui_dch.inf_amd64_0bd497310795eeb4\igfxCUIService.exe","igfxCUIService.exe","C:\WINDOWS\System32\DriverStore\FileRepository\cui_dch.inf_amd64_0bd497310795eeb4\igfxCUIService.exe","9bcc1672de269e41b64fe16e66c2f0715035aeefe4b21165e553f67ed9e4805a","No security vendors flagged this file as malicious"
"Intel(R) Management and Security Application Local Management Service (LMS)","Running","Automatic","C:\WINDOWS\Intel\Intel(R) Management Engine Components\LMS\LMS.exe","LMS.exe","C:\WINDOWS\Intel\Intel(R) Management Engine Components\LMS\LMS.exe","ac62e4072c8ca38581a2f7fbd900565440412194eec30ad00d4c591b7c56b8e3","No security vendors flagged this file as malicious"
"Intel(R) Management Engine WMI Provider Registration (WMIRegistrationService)","Running","Automatic","C:\WINDOWS\System32\DriverStore\FileRepository\mewmiprov.inf_amd64_d51901c26227fb29\WMIRegistrationService.exe","WMIRegistrationService.exe","C:\WINDOWS\System32\DriverStore\FileRepository\mewmiprov.inf_amd64_d51901c26227fb29\WMIRegistrationService.exe","3009fd5e73f701581d4c48c544378ba5e58115751224d0763cbb302d3e604763","No security vendors flagged this file as malicious"
"Intel(R) Optane(TM) Memory Service (iaStorAfsService)","Stopped","Manual","C:\WINDOWS\System32\iaStorAfsService.exe","iaStorAfsService.exe","C:\WINDOWS\System32\iaStorAfsService.exe","b4ba2ed9f3b80fa28cd93587250ab54e0d5f3c44d27e46a8b046c8d4c6068cb8","No security vendors flagged this file as malicious"
"Intel(R) RST HFC Disable Service (HfcDisableService)","Stopped","Disabled","C:\WINDOWS\System32\DriverStore\FileRepository\iastorac.inf_amd64_9c788f1d162b1224\HfcDisableService.exe","HfcDisableService.exe","C:\WINDOWS\System32\DriverStore\FileRepository\iastorac.inf_amd64_9c788f1d162b1224\HfcDisableService.exe","12fda08eb0185d66c4dc83403cbc3bfb19ba8128583745051a90e57a330fafe4","No security vendors flagged this file as malicious"
"Intel(R) Storage Middleware Service (RstMwService)","Running","Automatic","C:\WINDOWS\System32\DriverStore\FileRepository\iastorac.inf_amd64_9c788f1d162b1224\RstMwService.exe","RstMwService.exe","C:\WINDOWS\System32\DriverStore\FileRepository\iastorac.inf_amd64_9c788f1d162b1224\RstMwService.exe","1e56ebcdc6b7bebf21deb8ff5398f2cba956b3ec47073851cf7473feb7b56db0","No security vendors flagged this file as malicious"
"Intel(R) TPM Provisioning Service (Intel(R) TPM Provisioning Service)","Stopped","Automatic","C:\WINDOWS\System32\DriverStore\FileRepository\iclsclient.inf_amd64_fc84dfa25a6a7727\lib\TPMProvisioningService.exe","TPMProvisioningService.exe","C:\WINDOWS\System32\DriverStore\FileRepository\iclsclient.inf_amd64_fc84dfa25a6a7727\lib\TPMProvisioningService.exe","d983ddb80bbd84b3d4291185b7a3d5d78f7cd5b9d8314611bc0ebc71efaebfab","No security vendors flagged this file as malicious"
"Interfejs usługi gościa funkcji Hyper-V (vmicguestinterface)","Stopped","Manual","C:\WINDOWS\system32\svchost.exe","svchost.exe","C:\WINDOWS\system32\svchost.exe -k LocalSystemNetworkRestricted -p","53a39b900e3bfbf384acd13f0fc2329fa8d42b61e993d8ed5adf3a1428005d26","No security vendors flagged this file as malicious"
"Izolacja klucza CNG (KeyIso)","Running","Manual","C:\WINDOWS\system32\lsass.exe","lsass.exe","C:\WINDOWS\system32\lsass.exe","e1ee1af31d08430675101ef7c80f4df963501b675abd9d042d105f827ef6b7ae","No security vendors flagged this file as malicious"
"Karta inteligentna (SCardSvr)","Running","Manual","C:\WINDOWS\system32\svchost.exe","svchost.exe","C:\WINDOWS\system32\svchost.exe -k LocalServiceAndNoImpersonation","53a39b900e3bfbf384acd13f0fc2329fa8d42b61e993d8ed5adf3a1428005d26","No security vendors flagged this file as malicious"
"Karta wydajności WMI (wmiApSrv)","Stopped","Manual","C:\WINDOWS\system32\wbem\WmiApSrv.exe","WmiApSrv.exe","C:\WINDOWS\system32\wbem\WmiApSrv.exe","59f14628f0f940f99c32afc85ad0755e1dae139e2fa91c6546c91e4f1dcf0142","No security vendors flagged this file as malicious"
"Kaspersky Volume Shadow Copy Service Bridge 21.3 (klvssbridge64_21.3)","Stopped","Manual","C:\Program Files (x86)\Kaspersky Lab\Kaspersky Internet Security 21.3\x64\vssbridge64.exe","vssbridge64.exe","C:\Program Files (x86)\Kaspersky Lab\Kaspersky Internet Security 21.3\x64\vssbridge64.exe","4968d0ea06c5574e7aa0acb9f6b8984e6ad16a10ebc16c4153de356f1a25d0e8","No security vendors flagged this file as malicious"
"Kaspersky VPN Secure Connection Service 5.22 (KSDE5.22)","Running","Automatic","C:\Program Files (x86)\Kaspersky Lab\Kaspersky VPN 5.22\ksde.exe","ksde.exe","C:\Program Files (x86)\Kaspersky Lab\Kaspersky VPN 5.22\ksde.exe -r","963c849e341d4eb64d4c3de6c3ed5ef3e0d05680a9a1f3accdcbe4c7b59abdd5","No security vendors flagged this file as malicious"
"Klient DHCP (Dhcp)","Running","Automatic","C:\WINDOWS\system32\svchost.exe","svchost.exe","C:\WINDOWS\system32\svchost.exe -k LocalServiceNetworkRestricted -p","53a39b900e3bfbf384acd13f0fc2329fa8d42b61e993d8ed5adf3a1428005d26","No security vendors flagged this file as malicious"
"Klient DNS (Dnscache)","Running","Automatic","C:\WINDOWS\system32\svchost.exe","svchost.exe","C:\WINDOWS\system32\svchost.exe -k NetworkService -p","53a39b900e3bfbf384acd13f0fc2329fa8d42b61e993d8ed5adf3a1428005d26","No security vendors flagged this file as malicious"
"Klient zasad grupy (gpsvc)","Stopped","Automatic","C:\WINDOWS\system32\svchost.exe","svchost.exe","C:\WINDOWS\system32\svchost.exe -k GPSvcGroup","53a39b900e3bfbf384acd13f0fc2329fa8d42b61e993d8ed5adf3a1428005d26","No security vendors flagged this file as malicious"
"Klient śledzenia linków rozproszonych (TrkWks)","Running","Automatic","C:\WINDOWS\System32\svchost.exe","svchost.exe","C:\WINDOWS\System32\svchost.exe -k LocalSystemNetworkRestricted -p","53a39b900e3bfbf384acd13f0fc2329fa8d42b61e993d8ed5adf3a1428005d26","No security vendors flagged this file as malicious"
"Kolejkowanie komunikatów (MSMQ)","Running","Automatic","C:\WINDOWS\system32\mqsvc.exe","mqsvc.exe","C:\WINDOWS\system32\mqsvc.exe","d88eeb1500c559b2ca1f77ab7aaf8039e0d913b111fb23851bb462009e8864b1","No security vendors flagged this file as malicious"
"Kolektor zdarzeń systemu Windows (Wecsvc)","Running","Automatic","C:\WINDOWS\system32\svchost.exe","svchost.exe","C:\WINDOWS\system32\svchost.exe -k NetworkService -p","53a39b900e3bfbf384acd13f0fc2329fa8d42b61e993d8ed5adf3a1428005d26","No security vendors flagged this file as malicious"
"Kompozycje (Themes)","Running","Automatic","C:\WINDOWS\System32\svchost.exe","svchost.exe","C:\WINDOWS\System32\svchost.exe -k netsvcs -p","53a39b900e3bfbf384acd13f0fc2329fa8d42b61e993d8ed5adf3a1428005d26","No security vendors flagged this file as malicious"
"Kondycja systemu Windows i zoptymalizowane środowiska (whesvc)","Running","Automatic","C:\WINDOWS\system32\svchost.exe","svchost.exe","C:\WINDOWS\system32\svchost.exe -k whesvc -p","53a39b900e3bfbf384acd13f0fc2329fa8d42b61e993d8ed5adf3a1428005d26","No security vendors flagged this file as malicious"
"Konstruktor punktów końcowych audio systemu Windows (AudioEndpointBuilder)","Running","Automatic","C:\WINDOWS\System32\svchost.exe","svchost.exe","C:\WINDOWS\System32\svchost.exe -k LocalSystemNetworkRestricted -p","53a39b900e3bfbf384acd13f0fc2329fa8d42b61e993d8ed5adf3a1428005d26","No security vendors flagged this file as malicious"
"Kontener usługi Microsoft Passport (NgcCtnrSvc)","Running","Manual","C:\WINDOWS\system32\svchost.exe","svchost.exe","C:\WINDOWS\system32\svchost.exe -k LocalServiceNetworkRestricted -p","53a39b900e3bfbf384acd13f0fc2329fa8d42b61e993d8ed5adf3a1428005d26","No security vendors flagged this file as malicious"
"Kontrola rodzicielska (WpcMonSvc)","Stopped","Manual","C:\WINDOWS\system32\svchost.exe","svchost.exe","C:\WINDOWS\system32\svchost.exe -k LocalService","53a39b900e3bfbf384acd13f0fc2329fa8d42b61e993d8ed5adf3a1428005d26","No security vendors flagged this file as malicious"
"Koordynator transakcji rozproszonych (MSDTC)","Stopped","Manual","C:\WINDOWS\System32\msdtc.exe","msdtc.exe","C:\WINDOWS\System32\msdtc.exe","84d39631afc947cdaaa5a355fde6e893132bfcc944fdbd4ef1c817b6e5c3d2e5","No security vendors flagged this file as malicious"
"Kopia zapasowa systemu Windows (SDRSVC)","Stopped","Manual","C:\WINDOWS\system32\svchost.exe","svchost.exe","C:\WINDOWS\system32\svchost.exe -k SDRSVC","53a39b900e3bfbf384acd13f0fc2329fa8d42b61e993d8ed5adf3a1428005d26","No security vendors flagged this file as malicious"
"Kopiowanie woluminów w tle (VSS)","Stopped","Manual","C:\WINDOWS\system32\vssvc.exe","vssvc.exe","C:\WINDOWS\system32\vssvc.exe","592cc87b3fd1ecd647514b596a8f97b578996a025a502393b808bd2790dfa0c2","No security vendors flagged this file as malicious"
"Logowanie pomocnicze (seclogon)","Stopped","Manual","C:\WINDOWS\system32\svchost.exe","svchost.exe","C:\WINDOWS\system32\svchost.exe -k netsvcs -p","53a39b900e3bfbf384acd13f0fc2329fa8d42b61e993d8ed5adf3a1428005d26","No security vendors flagged this file as malicious"
"Lokalizator usługi zdalnego wywołania procedury (RPC) (RpcLocator)","Stopped","Manual","C:\WINDOWS\system32\locator.exe","locator.exe","C:\WINDOWS\system32\locator.exe","f3297d2fc9a54419d1953a083fe6692d77f4f7095625f07c83e33edce42106b0","No security vendors flagged this file as malicious"
"Lokalne centrum dystrybucji kluczy Kerberos (LocalKdc)","Stopped","Manual","C:\WINDOWS\System32\lsass.exe","lsass.exe","C:\WINDOWS\System32\lsass.exe","e1ee1af31d08430675101ef7c80f4df963501b675abd9d042d105f827ef6b7ae","No security vendors flagged this file as malicious"
"Magazyn danych użytkownika_eb1c3 (UnistoreSvc_eb1c3)","Running","Manual","C:\WINDOWS\System32\svchost.exe","svchost.exe","C:\WINDOWS\System32\svchost.exe -k UnistackSvcGroup","53a39b900e3bfbf384acd13f0fc2329fa8d42b61e993d8ed5adf3a1428005d26","No security vendors flagged this file as malicious"
"Mapowanie z odnajdywaniem topologii warstwy linku (lltdsvc)","Stopped","Manual","C:\WINDOWS\System32\svchost.exe","svchost.exe","C:\WINDOWS\System32\svchost.exe -k LocalService -p","53a39b900e3bfbf384acd13f0fc2329fa8d42b61e993d8ed5adf3a1428005d26","No security vendors flagged this file as malicious"
"McpManagementService (McpManagementService)","Stopped","Manual","C:\WINDOWS\system32\svchost.exe","svchost.exe","C:\WINDOWS\system32\svchost.exe -k McpManagementServiceGroup","53a39b900e3bfbf384acd13f0fc2329fa8d42b61e993d8ed5adf3a1428005d26","No security vendors flagged this file as malicious"
"MDCoreSvc (MDCoreSvc)","Running","Automatic","C:\ProgramData\Microsoft\Windows Defender\Platform\4.18.25110.6-0\MpDefenderCoreService.exe","MpDefenderCoreService.exe","C:\ProgramData\Microsoft\Windows Defender\Platform\4.18.25110.6-0\MpDefenderCoreService.exe","0e174f23134e5cf11d239f8290ce038521729b71190de1844500530682ab896c","No security vendors flagged this file as malicious"
"Menedżer autopołączenia dostępu zdalnego (RasAuto)","Stopped","Manual","C:\WINDOWS\System32\svchost.exe","svchost.exe","C:\WINDOWS\System32\svchost.exe -k netsvcs -p","53a39b900e3bfbf384acd13f0fc2329fa8d42b61e993d8ed5adf3a1428005d26","No security vendors flagged this file as malicious"
"Menedżer autoryzacji Xbox Live (XblAuthManager)","Stopped","Manual","C:\WINDOWS\system32\svchost.exe","svchost.exe","C:\WINDOWS\system32\svchost.exe -k netsvcs -p","53a39b900e3bfbf384acd13f0fc2329fa8d42b61e993d8ed5adf3a1428005d26","No security vendors flagged this file as malicious"
"Menedżer konfiguracji urządzeń (DsmSvc)","Stopped","Manual","C:\WINDOWS\system32\svchost.exe","svchost.exe","C:\WINDOWS\system32\svchost.exe -k netsvcs -p","53a39b900e3bfbf384acd13f0fc2329fa8d42b61e993d8ed5adf3a1428005d26","No security vendors flagged this file as malicious"
"Menedżer konfiguracji usług pulpitu zdalnego (SessionEnv)","Stopped","Manual","C:\WINDOWS\System32\svchost.exe","svchost.exe","C:\WINDOWS\System32\svchost.exe -k netsvcs -p","53a39b900e3bfbf384acd13f0fc2329fa8d42b61e993d8ed5adf3a1428005d26","No security vendors flagged this file as malicious"
"Menedżer kont internetowych (TokenBroker)","Running","Manual","C:\WINDOWS\system32\svchost.exe","svchost.exe","C:\WINDOWS\system32\svchost.exe -k netsvcs -p","53a39b900e3bfbf384acd13f0fc2329fa8d42b61e993d8ed5adf3a1428005d26","No security vendors flagged this file as malicious"
"Menedżer kont zabezpieczeń (SamSs)","Running","Automatic","C:\WINDOWS\system32\lsass.exe","lsass.exe","C:\WINDOWS\system32\lsass.exe","e1ee1af31d08430675101ef7c80f4df963501b675abd9d042d105f827ef6b7ae","No security vendors flagged this file as malicious"
"Menedżer pobranych map (MapsBroker)","Stopped","Automatic","C:\WINDOWS\System32\svchost.exe","svchost.exe","C:\WINDOWS\System32\svchost.exe -k NetworkService -p","53a39b900e3bfbf384acd13f0fc2329fa8d42b61e993d8ed5adf3a1428005d26","No security vendors flagged this file as malicious"
"Menedżer połączeń systemu Windows (Wcmsvc)","Running","Automatic","C:\WINDOWS\system32\svchost.exe","svchost.exe","C:\WINDOWS\system32\svchost.exe -k LocalServiceNetworkRestricted -p -s Wcmsvc","53a39b900e3bfbf384acd13f0fc2329fa8d42b61e993d8ed5adf3a1428005d26","No security vendors flagged this file as malicious"
"Menedżer połączeń usługi Dostęp zdalny (RasMan)","Running","Manual","C:\WINDOWS\System32\svchost.exe","svchost.exe","C:\WINDOWS\System32\svchost.exe -k netsvcs","53a39b900e3bfbf384acd13f0fc2329fa8d42b61e993d8ed5adf3a1428005d26","No security vendors flagged this file as malicious"
"Menedżer poświadczeń (VaultSvc)","Running","Manual","C:\WINDOWS\system32\lsass.exe","lsass.exe","C:\WINDOWS\system32\lsass.exe","e1ee1af31d08430675101ef7c80f4df963501b675abd9d042d105f827ef6b7ae","No security vendors flagged this file as malicious"
"Menedżer płatności i funkcji NFC/SE (SEMgrSvc)","Stopped","Manual","C:\WINDOWS\system32\svchost.exe","svchost.exe","C:\WINDOWS\system32\svchost.exe -k LocalService -p","53a39b900e3bfbf384acd13f0fc2329fa8d42b61e993d8ed5adf3a1428005d26","No security vendors flagged this file as malicious"
"Menedżer sesji lokalnej (LSM)","Running","Automatic","C:\WINDOWS\system32\svchost.exe","svchost.exe","C:\WINDOWS\system32\svchost.exe -k DcomLaunch -p","53a39b900e3bfbf384acd13f0fc2329fa8d42b61e993d8ed5adf3a1428005d26","No security vendors flagged this file as malicious"
"Menedżer użytkowników (UserManager)","Running","Automatic","C:\WINDOWS\system32\svchost.exe","svchost.exe","C:\WINDOWS\system32\svchost.exe -k netsvcs -p","53a39b900e3bfbf384acd13f0fc2329fa8d42b61e993d8ed5adf3a1428005d26","No security vendors flagged this file as malicious"
"Microsoft App-V Client (AppVClient)","Stopped","Disabled","C:\WINDOWS\system32\AppVClient.exe","AppVClient.exe","C:\WINDOWS\system32\AppVClient.exe","3e15f719a51d0533a757d5fbeeabc38c38f723bedf54145a5d1ba94fa4376622","No security vendors flagged this file as malicious"
"Microsoft Edge Elevation Service (MicrosoftEdgeElevationService) (MicrosoftEdgeElevationService)","Stopped","Manual","C:\Program Files (x86)\Microsoft\Edge\Application\143.0.3650.139\elevation_service.exe","elevation_service.exe","C:\Program Files (x86)\Microsoft\Edge\Application\143.0.3650.139\elevation_service.exe","2fca00bb1e6841a489d5490aa97cc92e6131ee0f2763d23b2d1294d6830d058c","No security vendors flagged this file as malicious"
"Microsoft Edge Update Service (edgeupdate) (edgeupdate)","Stopped","Automatic","C:\Program Files (x86)\Microsoft\EdgeUpdate\MicrosoftEdgeUpdate.exe","MicrosoftEdgeUpdate.exe","C:\Program Files (x86)\Microsoft\EdgeUpdate\MicrosoftEdgeUpdate.exe /svc","955b5950fd92e5c5eec395b022566c9a2594ca3126d894408e2e29ba25d8b0dd","No security vendors flagged this file as malicious"
"Microsoft Edge Update Service (edgeupdatem) (edgeupdatem)","Stopped","Manual","C:\Program Files (x86)\Microsoft\EdgeUpdate\MicrosoftEdgeUpdate.exe","MicrosoftEdgeUpdate.exe","C:\Program Files (x86)\Microsoft\EdgeUpdate\MicrosoftEdgeUpdate.exe /medsvc","955b5950fd92e5c5eec395b022566c9a2594ca3126d894408e2e29ba25d8b0dd","No security vendors flagged this file as malicious"
"Microsoft Office Click-to-Run Service (ClickToRunSvc)","Running","Automatic","C:\Program Files\Common Files\Microsoft Shared\ClickToRun\OfficeClickToRun.exe","OfficeClickToRun.exe","C:\Program Files\Common Files\Microsoft Shared\ClickToRun\OfficeClickToRun.exe /service","f1b866a7e82bff4525a5ddcbc645381fc84941c605cf1516a7ebe893916ea5ae","No security vendors flagged this file as malicious"
"Microsoft Passport (NgcSvc)","Running","Manual","C:\WINDOWS\system32\svchost.exe","svchost.exe","C:\WINDOWS\system32\svchost.exe -k LocalSystemNetworkRestricted -p","53a39b900e3bfbf384acd13f0fc2329fa8d42b61e993d8ed5adf3a1428005d26","No security vendors flagged this file as malicious"
"Miejsca do magazynowania firmy Microsoft — SMP (smphost)","Running","Manual","C:\WINDOWS\System32\svchost.exe","svchost.exe","C:\WINDOWS\System32\svchost.exe -k smphost","53a39b900e3bfbf384acd13f0fc2329fa8d42b61e993d8ed5adf3a1428005d26","No security vendors flagged this file as malicious"
"Moduły obsługi kluczy IPsec IKE i AuthIP (IKEEXT)","Running","Automatic","C:\WINDOWS\system32\svchost.exe","svchost.exe","C:\WINDOWS\system32\svchost.exe -k netsvcs -p","53a39b900e3bfbf384acd13f0fc2329fa8d42b61e993d8ed5adf3a1428005d26","No security vendors flagged this file as malicious"
"Monitor serwera klatek kamer systemu Windows (FrameServerMonitor)","Stopped","Manual","C:\WINDOWS\System32\svchost.exe","svchost.exe","C:\WINDOWS\System32\svchost.exe -k CameraMonitor","53a39b900e3bfbf384acd13f0fc2329fa8d42b61e993d8ed5adf3a1428005d26","No security vendors flagged this file as malicious"
"Mozilla Maintenance Service (MozillaMaintenance)","Stopped","Manual","C:\Program Files (x86)\Mozilla Maintenance Service\maintenanceservice.exe","maintenanceservice.exe","C:\Program Files (x86)\Mozilla Maintenance Service\maintenanceservice.exe","8bb54985bdd3c92c843478e2794287659762fa3b8c22c830e8057bc37005d2e5","No security vendors flagged this file as malicious"
"Naturalne uwierzytelnianie (NaturalAuthentication)","Stopped","Manual","C:\WINDOWS\system32\svchost.exe","svchost.exe","C:\WINDOWS\system32\svchost.exe -k netsvcs -p","53a39b900e3bfbf384acd13f0fc2329fa8d42b61e993d8ed5adf3a1428005d26","No security vendors flagged this file as malicious"
"Netlogon (Netlogon)","Stopped","Manual","C:\WINDOWS\system32\lsass.exe","lsass.exe","C:\WINDOWS\system32\lsass.exe","e1ee1af31d08430675101ef7c80f4df963501b675abd9d042d105f827ef6b7ae","No security vendors flagged this file as malicious"
"Obiekt żądający usługi kopiowania woluminów w tle funkcji Hyper-V (vmicvss)","Stopped","Manual","C:\WINDOWS\system32\svchost.exe","svchost.exe","C:\WINDOWS\system32\svchost.exe -k LocalSystemNetworkRestricted -p","53a39b900e3bfbf384acd13f0fc2329fa8d42b61e993d8ed5adf3a1428005d26","No security vendors flagged this file as malicious"
"Obsługa panelu sterowania Raporty dotyczące problemów (wercplsupport)","Stopped","Manual","C:\WINDOWS\System32\svchost.exe","svchost.exe","C:\WINDOWS\System32\svchost.exe -k netsvcs -p","53a39b900e3bfbf384acd13f0fc2329fa8d42b61e993d8ed5adf3a1428005d26","No security vendors flagged this file as malicious"
"Ochrona oprogramowania (sppsvc)","Stopped","Automatic","C:\WINDOWS\system32\sppsvc.exe","sppsvc.exe","C:\WINDOWS\system32\sppsvc.exe","6af5df538df6123cb48cb4f093efc1fb6f70366def0fc786beb80fc0dc8469e2","No security vendors flagged this file as malicious"
"Odnajdywanie SSDP (SSDPSRV)","Running","Manual","C:\WINDOWS\system32\svchost.exe","svchost.exe","C:\WINDOWS\system32\svchost.exe -k LocalServiceAndNoImpersonation -p","53a39b900e3bfbf384acd13f0fc2329fa8d42b61e993d8ed5adf3a1428005d26","No security vendors flagged this file as malicious"
"OneDrive Updater Service (OneDrive Updater Service)","Stopped","Manual","C:\Program Files\Microsoft OneDrive\25.222.1112.0002\OneDriveUpdaterService.exe","OneDriveUpdaterService.exe","C:\Program Files\Microsoft OneDrive\25.222.1112.0002\OneDriveUpdaterService.exe","1d54860d3589444d09cb5bc7f814651fe636b7a4373606a6a90b3ab94ac90795","No security vendors flagged this file as malicious"
"OpenSSH Authentication Agent (ssh-agent)","Stopped","Disabled","C:\WINDOWS\System32\OpenSSH\ssh-agent.exe","ssh-agent.exe","C:\WINDOWS\System32\OpenSSH\ssh-agent.exe","dbc0f247cdf846088f405d45f605aa0a90d71b793e4715c70006c2de93d0c639","No security vendors flagged this file as malicious"
"OpenVPN Interactive Service (OpenVPNServiceInteractive)","Running","Automatic","C:\Program Files\OpenVPN\bin\openvpnserv.exe","openvpnserv.exe","C:\Program Files\OpenVPN\bin\openvpnserv.exe","6e51de1b4ba02096aeaec7e8881e8b5835987a57be49ef654d9caaeb9340a5b4","Rate limit hit (HTTP 429) - try again later"
"OpenVPNService (OpenVPNService)","Running","Automatic","C:\Program Files\OpenVPN\bin\openvpnserv2.exe","openvpnserv2.exe","C:\Program Files\OpenVPN\bin\openvpnserv2.exe","d1e995a2d32e7833a369aa849e8b877162e07c1a161c6dccb95ca2052fc8b1e7","Rate limit hit (HTTP 429) - try again later"
"Optymalizacja dostarczania (DoSvc)","Running","Automatic","C:\WINDOWS\System32\svchost.exe","svchost.exe","C:\WINDOWS\System32\svchost.exe -k NetworkService -p","53a39b900e3bfbf384acd13f0fc2329fa8d42b61e993d8ed5adf3a1428005d26","No security vendors flagged this file as malicious"
"Optymalizowanie dysków (defragsvc)","Stopped","Manual","C:\WINDOWS\system32\svchost.exe","svchost.exe","C:\WINDOWS\system32\svchost.exe -k defragsvc","53a39b900e3bfbf384acd13f0fc2329fa8d42b61e993d8ed5adf3a1428005d26","No security vendors flagged this file as malicious"
"P9RdrService_eb1c3 (P9RdrService_eb1c3)","Stopped","Manual","C:\WINDOWS\system32\svchost.exe","svchost.exe","C:\WINDOWS\system32\svchost.exe -k P9RdrService -p","53a39b900e3bfbf384acd13f0fc2329fa8d42b61e993d8ed5adf3a1428005d26","No security vendors flagged this file as malicious"
"PenService_eb1c3 (PenService_eb1c3)","Stopped","Manual","C:\WINDOWS\system32\svchost.exe","svchost.exe","C:\WINDOWS\system32\svchost.exe -k PenService","53a39b900e3bfbf384acd13f0fc2329fa8d42b61e993d8ed5adf3a1428005d26","No security vendors flagged this file as malicious"
"Pliki trybu offline (CscService)","Stopped","Manual","C:\WINDOWS\System32\svchost.exe","svchost.exe","C:\WINDOWS\System32\svchost.exe -k LocalSystemNetworkRestricted -p","53a39b900e3bfbf384acd13f0fc2329fa8d42b61e993d8ed5adf3a1428005d26","No security vendors flagged this file as malicious"
"Plug and Play (PlugPlay)","Running","Manual","C:\WINDOWS\system32\svchost.exe","svchost.exe","C:\WINDOWS\system32\svchost.exe -k DcomLaunch -p","53a39b900e3bfbf384acd13f0fc2329fa8d42b61e993d8ed5adf3a1428005d26","No security vendors flagged this file as malicious"
"Podstawowy aparat filtrowania (BFE)","Running","Automatic","C:\WINDOWS\system32\svchost.exe","svchost.exe","C:\WINDOWS\system32\svchost.exe -k LocalServiceNoNetworkFirewall -p","53a39b900e3bfbf384acd13f0fc2329fa8d42b61e993d8ed5adf3a1428005d26","No security vendors flagged this file as malicious"
"Pomoc IP (iphlpsvc)","Running","Automatic","C:\WINDOWS\System32\svchost.exe","svchost.exe","C:\WINDOWS\System32\svchost.exe -k NetSvcs -p","53a39b900e3bfbf384acd13f0fc2329fa8d42b61e993d8ed5adf3a1428005d26","No security vendors flagged this file as malicious"
"Pomoc TCP/IP NetBIOS (lmhosts)","Running","Manual","C:\WINDOWS\System32\svchost.exe","svchost.exe","C:\WINDOWS\System32\svchost.exe -k LocalServiceNetworkRestricted -p","53a39b900e3bfbf384acd13f0fc2329fa8d42b61e993d8ed5adf3a1428005d26","No security vendors flagged this file as malicious"
"Połącz teraz w systemie Windows — Rejestrator konfiguracji (wcncsvc)","Stopped","Manual","C:\WINDOWS\System32\svchost.exe","svchost.exe","C:\WINDOWS\System32\svchost.exe -k LocalServiceAndNoImpersonation -p","53a39b900e3bfbf384acd13f0fc2329fa8d42b61e993d8ed5adf3a1428005d26","No security vendors flagged this file as malicious"
"Połączenia sieciowe (Netman)","Stopped","Manual","C:\WINDOWS\System32\svchost.exe","svchost.exe","C:\WINDOWS\System32\svchost.exe -k LocalSystemNetworkRestricted -p","53a39b900e3bfbf384acd13f0fc2329fa8d42b61e993d8ed5adf3a1428005d26","No security vendors flagged this file as malicious"
"PrintScanBrokerService (PrintScanBrokerService)","Stopped","Manual","C:\WINDOWS\system32\svchost.exe","svchost.exe","C:\WINDOWS\system32\svchost.exe -k PrintScanBrokerService -p","53a39b900e3bfbf384acd13f0fc2329fa8d42b61e993d8ed5adf3a1428005d26","No security vendors flagged this file as malicious"
"Program mapowania punktów końcowych wywołań RPC (RpcEptMapper)","Running","Automatic","C:\WINDOWS\system32\svchost.exe","svchost.exe","C:\WINDOWS\system32\svchost.exe -k RPCSS -p","53a39b900e3bfbf384acd13f0fc2329fa8d42b61e993d8ed5adf3a1428005d26","No security vendors flagged this file as malicious"
"Program uruchamiający proces serwera DCOM (DcomLaunch)","Running","Automatic","C:\WINDOWS\system32\svchost.exe","svchost.exe","C:\WINDOWS\system32\svchost.exe -k DcomLaunch -p","53a39b900e3bfbf384acd13f0fc2329fa8d42b61e993d8ed5adf3a1428005d26","No security vendors flagged this file as malicious"
"Propagacja certyfikatu (CertPropSvc)","Running","Manual","C:\WINDOWS\system32\svchost.exe","svchost.exe","C:\WINDOWS\system32\svchost.exe -k netsvcs","53a39b900e3bfbf384acd13f0fc2329fa8d42b61e993d8ed5adf3a1428005d26","No security vendors flagged this file as malicious"
"Protokół uwierzytelniania rozszerzonego (EAP) (EapHost)","Stopped","Manual","C:\WINDOWS\System32\svchost.exe","svchost.exe","C:\WINDOWS\System32\svchost.exe -k netsvcs -p","53a39b900e3bfbf384acd13f0fc2329fa8d42b61e993d8ed5adf3a1428005d26","No security vendors flagged this file as malicious"
"Przekierowanie portu trybu użytkownika usług pulpitu zdalnego (UmRdpService)","Stopped","Manual","C:\WINDOWS\System32\svchost.exe","svchost.exe","C:\WINDOWS\System32\svchost.exe -k LocalSystemNetworkRestricted -p","53a39b900e3bfbf384acd13f0fc2329fa8d42b61e993d8ed5adf3a1428005d26","No security vendors flagged this file as malicious"
"Przepływ pracy drukowania_eb1c3 (PrintWorkflowUserSvc_eb1c3)","Stopped","Manual","C:\WINDOWS\system32\svchost.exe","svchost.exe","C:\WINDOWS\system32\svchost.exe -k PrintWorkflow","53a39b900e3bfbf384acd13f0fc2329fa8d42b61e993d8ed5adf3a1428005d26","No security vendors flagged this file as malicious"
"Przepływ urządzeń_eb1c3 (DevicesFlowUserSvc_eb1c3)","Running","Manual","C:\WINDOWS\system32\svchost.exe","svchost.exe","C:\WINDOWS\system32\svchost.exe -k DevicesFlow","53a39b900e3bfbf384acd13f0fc2329fa8d42b61e993d8ed5adf3a1428005d26","No security vendors flagged this file as malicious"
"Przygotowywanie aplikacji (AppReadiness)","Stopped","Manual","C:\WINDOWS\System32\svchost.exe","svchost.exe","C:\WINDOWS\System32\svchost.exe -k AppReadiness -p","53a39b900e3bfbf384acd13f0fc2329fa8d42b61e993d8ed5adf3a1428005d26","No security vendors flagged this file as malicious"
"Publikacja zasobów odnajdowania funkcji (FDResPub)","Stopped","Manual","C:\WINDOWS\system32\svchost.exe","svchost.exe","C:\WINDOWS\system32\svchost.exe -k LocalServiceAndNoImpersonation -p","53a39b900e3bfbf384acd13f0fc2329fa8d42b61e993d8ed5adf3a1428005d26","No security vendors flagged this file as malicious"
"Quality Windows Audio Video Experience (QWAVE)","Stopped","Manual","C:\WINDOWS\system32\svchost.exe","svchost.exe","C:\WINDOWS\system32\svchost.exe -k LocalServiceAndNoImpersonation -p","53a39b900e3bfbf384acd13f0fc2329fa8d42b61e993d8ed5adf3a1428005d26","No security vendors flagged this file as malicious"
"Realtek Audio Service (RtkAudioService)","Running","Automatic","C:\Program Files\Realtek\Audio\HDA\RtkAudioService64.exe","RtkAudioService64.exe","C:\Program Files\Realtek\Audio\HDA\RtkAudioService64.exe","f00b31124783ea0cdda33606351019ec94f2c9ffe26c31d42250b775bcf1a464","Rate limit hit (HTTP 429) - try again later"
"Rejestr zdalny (RemoteRegistry)","Stopped","Disabled","C:\WINDOWS\system32\svchost.exe","svchost.exe","C:\WINDOWS\system32\svchost.exe -k localService -p","53a39b900e3bfbf384acd13f0fc2329fa8d42b61e993d8ed5adf3a1428005d26","No security vendors flagged this file as malicious"
"Routing i dostęp zdalny (RemoteAccess)","Stopped","Disabled","C:\WINDOWS\System32\svchost.exe","svchost.exe","C:\WINDOWS\System32\svchost.exe -k netsvcs","53a39b900e3bfbf384acd13f0fc2329fa8d42b61e993d8ed5adf3a1428005d26","No security vendors flagged this file as malicious"
"Rozpoznawanie lokalizacji w sieci (NlaSvc)","Stopped","Manual","C:\WINDOWS\System32\svchost.exe","svchost.exe","C:\WINDOWS\System32\svchost.exe -k netprofm -p","53a39b900e3bfbf384acd13f0fc2329fa8d42b61e993d8ed5adf3a1428005d26","No security vendors flagged this file as malicious"
"Rozszerzenia i powiadomienia drukarek (PrintNotify)","Stopped","Manual","C:\WINDOWS\system32\svchost.exe","svchost.exe","C:\WINDOWS\system32\svchost.exe -k print","53a39b900e3bfbf384acd13f0fc2329fa8d42b61e993d8ed5adf3a1428005d26","No security vendors flagged this file as malicious"
"SamsungMagicianSVC (SamsungMagicianSVC)","Running","Automatic","C:\Program Files (x86)\Samsung\Samsung Magician\SamsungMagicianSVC.exe","SamsungMagicianSVC.exe","C:\Program Files (x86)\Samsung\Samsung Magician\SamsungMagicianSVC.exe","6a5e95024d7b7cfdff6cfd691d969dc8fc821e2f2355d12043f5c1b3043904be","Rate limit hit (HTTP 429) - try again later"
"Sense (Sense)","Stopped","Disabled","C:\Program Files\Windows Defender Advanced Threat Protection\MsSense.exe","MsSense.exe","C:\Program Files\Windows Defender Advanced Threat Protection\MsSense.exe","9a26f0d996cfaa9846473f3a73be5e4fe21ed8d7ed3d5de61d9d5c2992f8840f","Rate limit hit (HTTP 429) - try again later"
"Serwer (LanmanServer)","Running","Automatic","C:\WINDOWS\system32\svchost.exe","svchost.exe","C:\WINDOWS\system32\svchost.exe -k netsvcs -p","53a39b900e3bfbf384acd13f0fc2329fa8d42b61e993d8ed5adf3a1428005d26","No security vendors flagged this file as malicious"
"Serwer klatek kamer systemu Windows (FrameServer)","Stopped","Manual","C:\WINDOWS\System32\svchost.exe","svchost.exe","C:\WINDOWS\System32\svchost.exe -k Camera","53a39b900e3bfbf384acd13f0fc2329fa8d42b61e993d8ed5adf3a1428005d26","No security vendors flagged this file as malicious"
"Shared PC Account Manager (shpamsvc)","Stopped","Disabled","C:\WINDOWS\System32\svchost.exe","svchost.exe","C:\WINDOWS\System32\svchost.exe -k netsvcsRedirectionGuard -p","53a39b900e3bfbf384acd13f0fc2329fa8d42b61e993d8ed5adf3a1428005d26","No security vendors flagged this file as malicious"
"SNMP Trap (SNMPTrap)","Stopped","Manual","C:\WINDOWS\System32\snmptrap.exe","snmptrap.exe","C:\WINDOWS\System32\snmptrap.exe","a36bbe860b818800aa5b12d4ef8033a3f9208f176f66f96cc53b28bc89a4f687","Rate limit hit (HTTP 429) - try again later"
"Stacja robocza (LanmanWorkstation)","Running","Automatic","C:\WINDOWS\System32\svchost.exe","svchost.exe","C:\WINDOWS\System32\svchost.exe -k NetworkService -p","53a39b900e3bfbf384acd13f0fc2329fa8d42b61e993d8ed5adf3a1428005d26","No security vendors flagged this file as malicious"
"Synchronizuj hosta_eb1c3 (OneSyncSvc_eb1c3)","Running","Automatic","C:\WINDOWS\system32\svchost.exe","svchost.exe","C:\WINDOWS\system32\svchost.exe -k UnistackSvcGroup","53a39b900e3bfbf384acd13f0fc2329fa8d42b61e993d8ed5adf3a1428005d26","No security vendors flagged this file as malicious"
"SysMain (SysMain)","Running","Automatic","C:\WINDOWS\system32\svchost.exe","svchost.exe","C:\WINDOWS\system32\svchost.exe -k LocalSystemNetworkRestricted -p","53a39b900e3bfbf384acd13f0fc2329fa8d42b61e993d8ed5adf3a1428005d26","No security vendors flagged this file as malicious"
"Sysmon (Sysmon)","Running","Automatic","C:\Windows\Sysmon.exe","Sysmon.exe","C:\Windows\Sysmon.exe","5485ca7e2be4afc76aadd97536192cf2850228fe338083d6bab4c981bd6ddf92","Rate limit hit (HTTP 429) - try again later"
"System szyfrowania plików (EFS) (EFS)","Stopped","Manual","C:\WINDOWS\System32\lsass.exe","lsass.exe","C:\WINDOWS\System32\lsass.exe","e1ee1af31d08430675101ef7c80f4df963501b675abd9d042d105f827ef6b7ae","No security vendors flagged this file as malicious"
"System zdarzeń COM+ (EventSystem)","Running","Automatic","C:\WINDOWS\system32\svchost.exe","svchost.exe","C:\WINDOWS\system32\svchost.exe -k LocalService -p","53a39b900e3bfbf384acd13f0fc2329fa8d42b61e993d8ed5adf3a1428005d26","No security vendors flagged this file as malicious"
"Szczegółowe informacje o użyciu i jakości firmy Microsoft (wuqisvc)","Stopped","Manual","C:\WINDOWS\system32\svchost.exe","svchost.exe","C:\WINDOWS\system32\svchost.exe -k LocalServiceAndNoImpersonation -p","53a39b900e3bfbf384acd13f0fc2329fa8d42b61e993d8ed5adf3a1428005d26","No security vendors flagged this file as malicious"
"TeamViewer (TeamViewer)","Running","Automatic","C:\Program Files\TeamViewer\TeamViewer_Service.exe","TeamViewer_Service.exe","C:\Program Files\TeamViewer\TeamViewer_Service.exe","70c4ac063c953c607bcd8000b504b8d99dffe38dcb152d6d1c8ab3635ec93dc2","Rate limit hit (HTTP 429) - try again later"
"Telefonia (TapiSrv)","Running","Manual","C:\WINDOWS\System32\svchost.exe","svchost.exe","C:\WINDOWS\System32\svchost.exe -k NetworkService -p","53a39b900e3bfbf384acd13f0fc2329fa8d42b61e993d8ed5adf3a1428005d26","No security vendors flagged this file as malicious"
"Tożsamość aplikacji (AppIDSvc)","Stopped","Manual","C:\WINDOWS\system32\svchost.exe","svchost.exe","C:\WINDOWS\system32\svchost.exe -k LocalServiceNetworkRestricted -p","53a39b900e3bfbf384acd13f0fc2329fa8d42b61e993d8ed5adf3a1428005d26","No security vendors flagged this file as malicious"
"Trwa odtwarzanie usługi Menedżera sesji_eb1c3 (NPSMSvc_eb1c3)","Running","Manual","C:\WINDOWS\system32\svchost.exe","svchost.exe","C:\WINDOWS\system32\svchost.exe -k LocalService -p","53a39b900e3bfbf384acd13f0fc2329fa8d42b61e993d8ed5adf3a1428005d26","No security vendors flagged this file as malicious"
"Tryb osadzony (embeddedmode)","Stopped","Manual","C:\WINDOWS\System32\svchost.exe","svchost.exe","C:\WINDOWS\System32\svchost.exe -k LocalSystemNetworkRestricted -p","53a39b900e3bfbf384acd13f0fc2329fa8d42b61e993d8ed5adf3a1428005d26","No security vendors flagged this file as malicious"
"Udostępnianie połączenia internetowego (ICS) (SharedAccess)","Running","Manual","C:\WINDOWS\System32\svchost.exe","svchost.exe","C:\WINDOWS\System32\svchost.exe -k netsvcs -p","53a39b900e3bfbf384acd13f0fc2329fa8d42b61e993d8ed5adf3a1428005d26","No security vendors flagged this file as malicious"
"User Experience Virtualization Service (UevAgentService)","Stopped","Disabled","C:\WINDOWS\system32\AgentService.exe","AgentService.exe","C:\WINDOWS\system32\AgentService.exe","746aa89b222150cff102a12659902532514e12484fbb81f6265914e350403bbe","Rate limit hit (HTTP 429) - try again later"
"Usług systemu Windows buforowania czcionek (FontCache)","Running","Automatic","C:\WINDOWS\system32\svchost.exe","svchost.exe","C:\WINDOWS\system32\svchost.exe -k LocalService -p","53a39b900e3bfbf384acd13f0fc2329fa8d42b61e993d8ed5adf3a1428005d26","No security vendors flagged this file as malicious"
"Usługa aktualizatora Google (GoogleUpdaterService144.0.7547.0) (GoogleUpdaterService144.0.7547.0)","Stopped","Automatic","C:\Program Files (x86)\Google\GoogleUpdater\144.0.7547.0\updater.exe","updater.exe","C:\Program Files (x86)\Google\GoogleUpdater\144.0.7547.0\updater.exe --system --windows-service --service=update","320f6790e928200c76f9b0208485a86fc08fdb0c51f57a93b2903212353ecd2e","Rate limit hit (HTTP 429) - try again later"
"Usługa aktywacji procesów systemu Windows (WAS)","Running","Manual","C:\WINDOWS\system32\svchost.exe","svchost.exe","C:\WINDOWS\system32\svchost.exe -k iissvcs","53a39b900e3bfbf384acd13f0fc2329fa8d42b61e993d8ed5adf3a1428005d26","No security vendors flagged this file as malicious"
"Usługa Aparat kopii zapasowej na poziomie bloku (wbengine)","Stopped","Manual","C:\WINDOWS\system32\wbengine.exe","wbengine.exe","C:\WINDOWS\system32\wbengine.exe","6ac2b8ed7334597c87a4151f56a3831b2201ca352de8b11623ff45af9b34c167","Rate limit hit (HTTP 429) - try again later"
"Usługa AssignedAccessManager (AssignedAccessManagerSvc)","Stopped","Manual","C:\WINDOWS\system32\svchost.exe","svchost.exe","C:\WINDOWS\system32\svchost.exe -k AssignedAccessManagerSvc","53a39b900e3bfbf384acd13f0fc2329fa8d42b61e993d8ed5adf3a1428005d26","No security vendors flagged this file as malicious"
"Usługa Asystent profilów lokalnych (wlpasvc)","Stopped","Manual","C:\WINDOWS\system32\svchost.exe","svchost.exe","C:\WINDOWS\system32\svchost.exe -k LocalServiceNetworkRestricted -p","53a39b900e3bfbf384acd13f0fc2329fa8d42b61e993d8ed5adf3a1428005d26","No security vendors flagged this file as malicious"
"Usługa Asystent zgodności programów (PcaSvc)","Running","Automatic","C:\WINDOWS\system32\svchost.exe","svchost.exe","C:\WINDOWS\system32\svchost.exe -k LocalSystemNetworkRestricted -p","53a39b900e3bfbf384acd13f0fc2329fa8d42b61e993d8ed5adf3a1428005d26","No security vendors flagged this file as malicious"
"Usługa autowykrywania serwera proxy w sieci Web WinHTTP (WinHttpAutoProxySvc)","Running","Manual","C:\WINDOWS\system32\svchost.exe","svchost.exe","C:\WINDOWS\system32\svchost.exe -k LocalServiceHttp -p","53a39b900e3bfbf384acd13f0fc2329fa8d42b61e993d8ed5adf3a1428005d26","No security vendors flagged this file as malicious"
"Usługa AVCTP (BthAvctpSvc)","Stopped","Manual","C:\WINDOWS\system32\svchost.exe","svchost.exe","C:\WINDOWS\system32\svchost.exe -k LocalService -p","53a39b900e3bfbf384acd13f0fc2329fa8d42b61e993d8ed5adf3a1428005d26","No security vendors flagged this file as malicious"
"Usługa biometryczna systemu Windows (WbioSrvc)","Stopped","Automatic","C:\WINDOWS\system32\svchost.exe","svchost.exe","C:\WINDOWS\system32\svchost.exe -k WbioSvcGroup","53a39b900e3bfbf384acd13f0fc2329fa8d42b61e993d8ed5adf3a1428005d26","No security vendors flagged this file as malicious"
"Usługa blokowania okna dialogowego (DialogBlockingService)","Stopped","Disabled","C:\WINDOWS\system32\svchost.exe","svchost.exe","C:\WINDOWS\system32\svchost.exe -k DialogBlockingService","53a39b900e3bfbf384acd13f0fc2329fa8d42b61e993d8ed5adf3a1428005d26","No security vendors flagged this file as malicious"
"Usługa bramy audio Bluetooth (BTAGService)","Stopped","Manual","C:\WINDOWS\system32\svchost.exe","svchost.exe","C:\WINDOWS\system32\svchost.exe -k LocalServiceNetworkRestricted","53a39b900e3bfbf384acd13f0fc2329fa8d42b61e993d8ed5adf3a1428005d26","No security vendors flagged this file as malicious"
"Usługa bramy warstwy aplikacji (ALG)","Stopped","Manual","C:\WINDOWS\System32\alg.exe","alg.exe","C:\WINDOWS\System32\alg.exe","1c2bf67b9e765be9d7ec1c86d357ed95014c686e766098cd15c5ce23b4003380","Rate limit hit (HTTP 429) - try again later"
"Usługa buforowania czcionek platformy Windows Presentation Foundation, wersja 3.0.0.0 (FontCache3.0.0.0)","Running","Manual","C:\WINDOWS\Microsoft.Net\Framework64\v3.0\WPF\PresentationFontCache.exe","PresentationFontCache.exe","C:\WINDOWS\Microsoft.Net\Framework64\v3.0\WPF\PresentationFontCache.exe","8bc01bc94d3cd6591c416ee7c68714a90e1d8c9f3117e1b3058af83e872296f9","Rate limit hit (HTTP 429) - try again later"
"Usługa czujników (SensorService)","Stopped","Manual","C:\WINDOWS\system32\svchost.exe","svchost.exe","C:\WINDOWS\system32\svchost.exe -k LocalSystemNetworkRestricted -p","53a39b900e3bfbf384acd13f0fc2329fa8d42b61e993d8ed5adf3a1428005d26","No security vendors flagged this file as malicious"
"Usługa danych czujników (SensorDataService)","Stopped","Manual","C:\WINDOWS\System32\SensorDataService.exe","SensorDataService.exe","C:\WINDOWS\System32\SensorDataService.exe","fc1f951ae32ba287e89d0f81c7f3b7aa2a032a5f12952c6acc01167c7c481792","Rate limit hit (HTTP 429) - try again later"
"Usługa deduplikacji w systemie plików ReFS (refsdedupsvc)","Stopped","Manual","C:\WINDOWS\System32\ReFsDedupSvc.exe","ReFsDedupSvc.exe","C:\WINDOWS\System32\ReFsDedupSvc.exe","d5ef544a39a5f621301c2bccb2f6786b293b4f85b4bfcda9e0251488559b84ac","No security vendors flagged this file as malicious"
"Usługa geolokalizacji (lfsvc)","Running","Manual","C:\WINDOWS\system32\svchost.exe","svchost.exe","C:\WINDOWS\system32\svchost.exe -k netsvcsRedirectionGuard -p","53a39b900e3bfbf384acd13f0fc2329fa8d42b61e993d8ed5adf3a1428005d26","No security vendors flagged this file as malicious"
"Usługa Google Update (gupdate) (gupdate)","Stopped","Automatic","C:\Program Files (x86)\Google\Update\GoogleUpdate.exe","GoogleUpdate.exe","C:\Program Files (x86)\Google\Update\GoogleUpdate.exe /svc","320f6790e928200c76f9b0208485a86fc08fdb0c51f57a93b2903212353ecd2e","Rate limit hit (HTTP 429) - try again later"
"Usługa Google Update (gupdatem) (gupdatem)","Stopped","Manual","C:\Program Files (x86)\Google\Update\GoogleUpdate.exe","GoogleUpdate.exe","C:\Program Files (x86)\Google\Update\GoogleUpdate.exe /medsvc","320f6790e928200c76f9b0208485a86fc08fdb0c51f57a93b2903212353ecd2e","Rate limit hit (HTTP 429) - try again later"
"Usługa historii plików (fhsvc)","Stopped","Manual","C:\WINDOWS\system32\svchost.exe","svchost.exe","C:\WINDOWS\system32\svchost.exe -k LocalSystemNetworkRestricted -p","53a39b900e3bfbf384acd13f0fc2329fa8d42b61e993d8ed5adf3a1428005d26","No security vendors flagged this file as malicious"
"Usługa hosta dostawcy szyfrowania systemu Windows (WEPHOSTSVC)","Stopped","Manual","C:\WINDOWS\system32\svchost.exe","svchost.exe","C:\WINDOWS\system32\svchost.exe -k WepHostSvcGroup","53a39b900e3bfbf384acd13f0fc2329fa8d42b61e993d8ed5adf3a1428005d26","No security vendors flagged this file as malicious"
"Usługa hosta funkcji HV (HvHost)","Running","Manual","C:\WINDOWS\system32\svchost.exe","svchost.exe","C:\WINDOWS\system32\svchost.exe -k LocalSystemNetworkRestricted -p","53a39b900e3bfbf384acd13f0fc2329fa8d42b61e993d8ed5adf3a1428005d26","No security vendors flagged this file as malicious"
"Usługa hotspotu mobilnego systemu Windows (icssvc)","Stopped","Manual","C:\WINDOWS\system32\svchost.exe","svchost.exe","C:\WINDOWS\system32\svchost.exe -k LocalServiceNetworkRestricted -p","53a39b900e3bfbf384acd13f0fc2329fa8d42b61e993d8ed5adf3a1428005d26","No security vendors flagged this file as malicious"
"Usługa infrastruktury zadań w tle (BrokerInfrastructure)","Running","Automatic","C:\WINDOWS\system32\svchost.exe","svchost.exe","C:\WINDOWS\system32\svchost.exe -k DcomLaunch -p","53a39b900e3bfbf384acd13f0fc2329fa8d42b61e993d8ed5adf3a1428005d26","No security vendors flagged this file as malicious"
"Usługa inicjatora iSCSI firmy Microsoft (MSiSCSI)","Stopped","Manual","C:\WINDOWS\system32\svchost.exe","svchost.exe","C:\WINDOWS\system32\svchost.exe -k netsvcs -p","53a39b900e3bfbf384acd13f0fc2329fa8d42b61e993d8ed5adf3a1428005d26","No security vendors flagged this file as malicious"
"Usługa inspekcji sieci Programu antywirusowego Microsoft Defender (WdNisSvc)","Running","Manual","C:\ProgramData\Microsoft\Windows Defender\Platform\4.18.25110.6-0\NisSrv.exe","NisSrv.exe","C:\ProgramData\Microsoft\Windows Defender\Platform\4.18.25110.6-0\NisSrv.exe","9e69234b30cd945be6e9f7f3a92014476bc18286aa8a1bb968608ef0cba77df8","No security vendors flagged this file as malicious"
"Usługa instalacji sklepu Microsoft Store (InstallService)","Running","Manual","C:\WINDOWS\System32\svchost.exe","svchost.exe","C:\WINDOWS\System32\svchost.exe -k netsvcs -p","53a39b900e3bfbf384acd13f0fc2329fa8d42b61e993d8ed5adf3a1428005d26","No security vendors flagged this file as malicious"
"Usługa instalacji urządzeń (DeviceInstall)","Stopped","Manual","C:\WINDOWS\system32\svchost.exe","svchost.exe","C:\WINDOWS\system32\svchost.exe -k DcomLaunch -p","53a39b900e3bfbf384acd13f0fc2329fa8d42b61e993d8ed5adf3a1428005d26","No security vendors flagged this file as malicious"
"Usługa inteligentnego transferu w tle (BITS)","Stopped","Manual","C:\WINDOWS\System32\svchost.exe","svchost.exe","C:\WINDOWS\System32\svchost.exe -k netsvcs -p","53a39b900e3bfbf384acd13f0fc2329fa8d42b61e993d8ed5adf3a1428005d26","No security vendors flagged this file as malicious"
"Usługa interfejsu magazynu sieciowego (nsi)","Running","Automatic","C:\WINDOWS\system32\svchost.exe","svchost.exe","C:\WINDOWS\system32\svchost.exe -k LocalService -p","53a39b900e3bfbf384acd13f0fc2329fa8d42b61e993d8ed5adf3a1428005d26","No security vendors flagged this file as malicious"
"Usługa Kaspersky Anti-Virus 21.3 (AVP21.3)","Running","Automatic","C:\Program Files (x86)\Kaspersky Lab\Kaspersky Internet Security 21.3\avp.exe","avp.exe","C:\Program Files (x86)\Kaspersky Lab\Kaspersky Internet Security 21.3\avp.exe -r","f086ad27cd5644b6d214cb4426efdef999d02419eda78ea6e7c90293ece596dc","No security vendors flagged this file as malicious"
"Usługa kojarzenia urządzeń (DeviceAssociationService)","Running","Manual","C:\WINDOWS\system32\svchost.exe","svchost.exe","C:\WINDOWS\system32\svchost.exe -k LocalSystemNetworkRestricted -p","53a39b900e3bfbf384acd13f0fc2329fa8d42b61e993d8ed5adf3a1428005d26","No security vendors flagged this file as malicious"
"Usługa konfiguracji sieci (NetSetupSvc)","Stopped","Manual","C:\WINDOWS\System32\svchost.exe","svchost.exe","C:\WINDOWS\System32\svchost.exe -k netsvcs -p","53a39b900e3bfbf384acd13f0fc2329fa8d42b61e993d8ed5adf3a1428005d26","No security vendors flagged this file as malicious"
"Usługa konfiguracji translacji adresów IP (IpxlatCfgSvc)","Stopped","Manual","C:\WINDOWS\System32\svchost.exe","svchost.exe","C:\WINDOWS\System32\svchost.exe -k LocalSystemNetworkRestricted -p","53a39b900e3bfbf384acd13f0fc2329fa8d42b61e993d8ed5adf3a1428005d26","No security vendors flagged this file as malicious"
"Usługa konfiguracji urządzenia drukowania (PrintDeviceConfigurationService)","Stopped","Manual","C:\WINDOWS\System32\svchost.exe","svchost.exe","C:\WINDOWS\System32\svchost.exe -k LocalSystemNetworkRestricted -p","53a39b900e3bfbf384acd13f0fc2329fa8d42b61e993d8ed5adf3a1428005d26","No security vendors flagged this file as malicious"
"Usługa koordynatora aktualizacji (UsoSvc)","Running","Automatic","C:\WINDOWS\system32\svchost.exe","svchost.exe","C:\WINDOWS\system32\svchost.exe -k netsvcs -p","53a39b900e3bfbf384acd13f0fc2329fa8d42b61e993d8ed5adf3a1428005d26","No security vendors flagged this file as malicious"
"Usługa kopii zapasowych i przywracania w chmurze_eb1c3 (CloudBackupRestoreSvc_eb1c3)","Stopped","Manual","C:\WINDOWS\system32\svchost.exe","svchost.exe","C:\WINDOWS\system32\svchost.exe -k UnistackSvcGroup","53a39b900e3bfbf384acd13f0fc2329fa8d42b61e993d8ed5adf3a1428005d26","No security vendors flagged this file as malicious"
"Usługa KTMRM dla usługi Koordynator transakcji rozproszonych (KtmRm)","Stopped","Manual","C:\WINDOWS\System32\svchost.exe","svchost.exe","C:\WINDOWS\System32\svchost.exe -k NetworkServiceAndNoImpersonation -p","53a39b900e3bfbf384acd13f0fc2329fa8d42b61e993d8ed5adf3a1428005d26","No security vendors flagged this file as malicious"
"Usługa licencjonowania klienta (ClipSVC) (ClipSVC)","Stopped","Manual","C:\WINDOWS\System32\svchost.exe","svchost.exe","C:\WINDOWS\System32\svchost.exe -k wsappx -p","53a39b900e3bfbf384acd13f0fc2329fa8d42b61e993d8ed5adf3a1428005d26","No security vendors flagged this file as malicious"
"Usługa listy sieci (netprofm)","Running","Manual","C:\WINDOWS\System32\svchost.exe","svchost.exe","C:\WINDOWS\System32\svchost.exe -k netprofm -p","53a39b900e3bfbf384acd13f0fc2329fa8d42b61e993d8ed5adf3a1428005d26","No security vendors flagged this file as malicious"
"Usługa magazynu (StorSvc)","Running","Automatic","C:\WINDOWS\System32\svchost.exe","svchost.exe","C:\WINDOWS\System32\svchost.exe -k LocalSystemNetworkRestricted -p","53a39b900e3bfbf384acd13f0fc2329fa8d42b61e993d8ed5adf3a1428005d26","No security vendors flagged this file as malicious"
"Usługa Menedżer dostępu do możliwości (camsvc)","Running","Automatic","C:\WINDOWS\system32\svchost.exe","svchost.exe","C:\WINDOWS\system32\svchost.exe -k osprivacy -p","53a39b900e3bfbf384acd13f0fc2329fa8d42b61e993d8ed5adf3a1428005d26","No security vendors flagged this file as malicious"
"Usługa menedżera kontenerów (CmService)","Running","Automatic","C:\WINDOWS\system32\svchost.exe","svchost.exe","C:\WINDOWS\system32\svchost.exe -k LocalSystemNetworkRestricted","53a39b900e3bfbf384acd13f0fc2329fa8d42b61e993d8ed5adf3a1428005d26","No security vendors flagged this file as malicious"
"Usługa Menedżera licencji systemu Windows (LicenseManager)","Running","Manual","C:\WINDOWS\System32\svchost.exe","svchost.exe","C:\WINDOWS\System32\svchost.exe -k LocalService -p","53a39b900e3bfbf384acd13f0fc2329fa8d42b61e993d8ed5adf3a1428005d26","No security vendors flagged this file as malicious"
"Usługa menedżera połączeń usług Wi-Fi Direct (WFDSConMgrSvc)","Stopped","Manual","C:\WINDOWS\system32\svchost.exe","svchost.exe","C:\WINDOWS\system32\svchost.exe -k LocalServiceNetworkRestricted -p","53a39b900e3bfbf384acd13f0fc2329fa8d42b61e993d8ed5adf3a1428005d26","No security vendors flagged this file as malicious"
"Usługa modułu wyliczającego urządzenia przenośne (WPDBusEnum)","Stopped","Manual","C:\WINDOWS\system32\svchost.exe","svchost.exe","C:\WINDOWS\system32\svchost.exe -k LocalSystemNetworkRestricted","53a39b900e3bfbf384acd13f0fc2329fa8d42b61e993d8ed5adf3a1428005d26","No security vendors flagged this file as malicious"
"Usługa monitorowania czujników (SensrSvc)","Stopped","Manual","C:\WINDOWS\system32\svchost.exe","svchost.exe","C:\WINDOWS\system32\svchost.exe -k LocalServiceAndNoImpersonation -p","53a39b900e3bfbf384acd13f0fc2329fa8d42b61e993d8ed5adf3a1428005d26","No security vendors flagged this file as malicious"
"Usługa możliwości językowych (LxpSvc)","Stopped","Manual","C:\WINDOWS\system32\svchost.exe","svchost.exe","C:\WINDOWS\system32\svchost.exe -k netsvcs","53a39b900e3bfbf384acd13f0fc2329fa8d42b61e993d8ed5adf3a1428005d26","No security vendors flagged this file as malicious"
"Usługa niejawnego programu testów systemu Windows (wisvc)","Stopped","Manual","C:\WINDOWS\system32\svchost.exe","svchost.exe","C:\WINDOWS\system32\svchost.exe -k netsvcs -p","53a39b900e3bfbf384acd13f0fc2329fa8d42b61e993d8ed5adf3a1428005d26","No security vendors flagged this file as malicious"
"Usługa obliczeniowa gościa funkcji Hyper-V (gcs)","Stopped","Manual","C:\WINDOWS\system32\vmcomputeagent.exe","vmcomputeagent.exe","C:\WINDOWS\system32\vmcomputeagent.exe","a94154fe6069f5371772531f1be029913d4a567a9ef61b2d9c396bd0a154beb6","No security vendors flagged this file as malicious"
"Usługa obliczeniowa hosta funkcji Hyper-V (vmcompute)","Running","Manual","C:\WINDOWS\system32\vmcompute.exe","vmcompute.exe","C:\WINDOWS\system32\vmcompute.exe","f3de374ef8c038a875bc82cf0d00ed6be86f84e5f232db9ac3dd49892fe18461","No security vendors flagged this file as malicious"
"Usługa obsługi Bluetooth (bthserv)","Running","Manual","C:\WINDOWS\system32\svchost.exe","svchost.exe","C:\WINDOWS\system32\svchost.exe -k LocalService -p","53a39b900e3bfbf384acd13f0fc2329fa8d42b61e993d8ed5adf3a1428005d26","No security vendors flagged this file as malicious"
"Usługa obsługi użytkownika protokołu Bluetooth_eb1c3 (BluetoothUserService_eb1c3)","Stopped","Manual","C:\WINDOWS\system32\svchost.exe","svchost.exe","C:\WINDOWS\system32\svchost.exe -k BthAppGroup -p","53a39b900e3bfbf384acd13f0fc2329fa8d42b61e993d8ed5adf3a1428005d26","No security vendors flagged this file as malicious"
"Usługa oceny spisu i zgodności (InventorySvc)","Running","Automatic","C:\WINDOWS\system32\svchost.exe","svchost.exe","C:\WINDOWS\system32\svchost.exe -k InvSvcGroup -p","53a39b900e3bfbf384acd13f0fc2329fa8d42b61e993d8ed5adf3a1428005d26","No security vendors flagged this file as malicious"
"Usługa platformy danych zagregowanych (ADPSvc)","Stopped","Manual","C:\WINDOWS\system32\svchost.exe","svchost.exe","C:\WINDOWS\system32\svchost.exe -k LocalServiceAndNoImpersonation -p","53a39b900e3bfbf384acd13f0fc2329fa8d42b61e993d8ed5adf3a1428005d26","No security vendors flagged this file as malicious"
"Usługa platformy podłączonych urządzeń (CDPSvc)","Running","Automatic","C:\WINDOWS\system32\svchost.exe","svchost.exe","C:\WINDOWS\system32\svchost.exe -k LocalService -p","53a39b900e3bfbf384acd13f0fc2329fa8d42b61e993d8ed5adf3a1428005d26","No security vendors flagged this file as malicious"
"Usługa pomocnika hosta aplikacji (AppHostSvc)","Running","Automatic","C:\WINDOWS\system32\svchost.exe","svchost.exe","C:\WINDOWS\system32\svchost.exe -k apphost","53a39b900e3bfbf384acd13f0fc2329fa8d42b61e993d8ed5adf3a1428005d26","No security vendors flagged this file as malicious"
"Usługa pomocy ZTDNS (ZTHELPER)","Stopped","Manual","C:\WINDOWS\system32\svchost.exe","svchost.exe","C:\WINDOWS\system32\svchost.exe -k zthelper -p","53a39b900e3bfbf384acd13f0fc2329fa8d42b61e993d8ed5adf3a1428005d26","No security vendors flagged this file as malicious"
"Usługa portfela (WalletService)","Stopped","Manual","C:\WINDOWS\System32\svchost.exe","svchost.exe","C:\WINDOWS\System32\svchost.exe -k appmodel -p","53a39b900e3bfbf384acd13f0fc2329fa8d42b61e993d8ed5adf3a1428005d26","No security vendors flagged this file as malicious"
"Usługa PowerShell Direct funkcji Hyper-V (vmicvmsession)","Stopped","Manual","C:\WINDOWS\system32\svchost.exe","svchost.exe","C:\WINDOWS\system32\svchost.exe -k LocalSystemNetworkRestricted -p","53a39b900e3bfbf384acd13f0fc2329fa8d42b61e993d8ed5adf3a1428005d26","No security vendors flagged this file as malicious"
"Usługa powiadamiania o zdarzeniach systemowych (SENS)","Running","Automatic","C:\WINDOWS\system32\svchost.exe","svchost.exe","C:\WINDOWS\system32\svchost.exe -k netsvcsRedirectionGuard -p","53a39b900e3bfbf384acd13f0fc2329fa8d42b61e993d8ed5adf3a1428005d26","No security vendors flagged this file as malicious"
"Usługa profilów użytkowników (ProfSvc)","Running","Automatic","C:\WINDOWS\system32\svchost.exe","svchost.exe","C:\WINDOWS\system32\svchost.exe -k UserProfileService -p","53a39b900e3bfbf384acd13f0fc2329fa8d42b61e993d8ed5adf3a1428005d26","No security vendors flagged this file as malicious"
"Usługa Program antywirusowy Microsoft Defender (WinDefend)","Running","Automatic","C:\ProgramData\Microsoft\Windows Defender\Platform\4.18.25110.6-0\MsMpEng.exe","MsMpEng.exe","C:\ProgramData\Microsoft\Windows Defender\Platform\4.18.25110.6-0\MsMpEng.exe","8d0e9883b95282f818cfec893c992e97047ae774c499cf42bbae0056bfb4ced0","No security vendors flagged this file as malicious"
"Usługa Protokół SSTP (SstpSvc)","Running","Manual","C:\WINDOWS\system32\svchost.exe","svchost.exe","C:\WINDOWS\system32\svchost.exe -k LocalService -p","53a39b900e3bfbf384acd13f0fc2329fa8d42b61e993d8ed5adf3a1428005d26","No security vendors flagged this file as malicious"
"Usługa publikowania w sieci WWW (W3SVC)","Running","Automatic","C:\WINDOWS\system32\svchost.exe","svchost.exe","C:\WINDOWS\system32\svchost.exe -k iissvcs","53a39b900e3bfbf384acd13f0fc2329fa8d42b61e993d8ed5adf3a1428005d26","No security vendors flagged this file as malicious"
"Usługa pulsu funkcji Hyper-V (vmicheartbeat)","Stopped","Manual","C:\WINDOWS\system32\svchost.exe","svchost.exe","C:\WINDOWS\system32\svchost.exe -k ICService -p","53a39b900e3bfbf384acd13f0fc2329fa8d42b61e993d8ed5adf3a1428005d26","No security vendors flagged this file as malicious"
"Usługa PushToInstall systemu Windows (PushToInstall)","Stopped","Manual","C:\WINDOWS\System32\svchost.exe","svchost.exe","C:\WINDOWS\System32\svchost.exe -k netsvcs -p","53a39b900e3bfbf384acd13f0fc2329fa8d42b61e993d8ed5adf3a1428005d26","No security vendors flagged this file as malicious"
"Usługa raportowania błędów systemu Windows (WerSvc)","Stopped","Manual","C:\WINDOWS\System32\svchost.exe","svchost.exe","C:\WINDOWS\System32\svchost.exe -k WerSvcGroup","53a39b900e3bfbf384acd13f0fc2329fa8d42b61e993d8ed5adf3a1428005d26","No security vendors flagged this file as malicious"
"Usługa rejestracji zarządzania urządzeniami (DmEnrollmentSvc)","Stopped","Manual","C:\WINDOWS\system32\svchost.exe","svchost.exe","C:\WINDOWS\system32\svchost.exe -k netsvcs -p","53a39b900e3bfbf384acd13f0fc2329fa8d42b61e993d8ed5adf3a1428005d26","No security vendors flagged this file as malicious"
"Usługa rejestrowania W3C (w3logsvc)","Stopped","Manual","C:\WINDOWS\system32\svchost.exe","svchost.exe","C:\WINDOWS\system32\svchost.exe -k apphost","53a39b900e3bfbf384acd13f0fc2329fa8d42b61e993d8ed5adf3a1428005d26","No security vendors flagged this file as malicious"
"Usługa repozytorium stanów (StateRepository)","Running","Automatic","C:\WINDOWS\system32\svchost.exe","svchost.exe","C:\WINDOWS\system32\svchost.exe -k appmodel -p","53a39b900e3bfbf384acd13f0fc2329fa8d42b61e993d8ed5adf3a1428005d26","No security vendors flagged this file as malicious"
"Usługa routera SMS systemu Microsoft Windows. (SmsRouter)","Stopped","Manual","C:\WINDOWS\system32\svchost.exe","svchost.exe","C:\WINDOWS\system32\svchost.exe -k LocalServiceNetworkRestricted -p","53a39b900e3bfbf384acd13f0fc2329fa8d42b61e993d8ed5adf3a1428005d26","No security vendors flagged this file as malicious"
"Usługa routingu komunikatów wypychanych protokołu aplikacji bezprzewodowych (WAP) aplikacji Zarządzanie urządzeniami (dmwappushservice)","Stopped","Manual","C:\WINDOWS\system32\svchost.exe","svchost.exe","C:\WINDOWS\system32\svchost.exe -k netsvcs -p","53a39b900e3bfbf384acd13f0fc2329fa8d42b61e993d8ed5adf3a1428005d26","No security vendors flagged this file as malicious"
"Usługa serwera proxy wirtualnego urządzenia audio systemu Windows (ApxSvc)","Stopped","Manual","C:\WINDOWS\system32\svchost.exe","svchost.exe","C:\WINDOWS\system32\svchost.exe -k LocalService -p","53a39b900e3bfbf384acd13f0fc2329fa8d42b61e993d8ed5adf3a1428005d26","No security vendors flagged this file as malicious"
"Usługa sieciowa hosta (HNS)","Running","Manual","C:\WINDOWS\system32\svchost.exe","svchost.exe","C:\WINDOWS\system32\svchost.exe -k NetSvcs -p","53a39b900e3bfbf384acd13f0fc2329fa8d42b61e993d8ed5adf3a1428005d26","No security vendors flagged this file as malicious"
"Usługa sieciowa Xbox Live (XboxNetApiSvc)","Stopped","Manual","C:\WINDOWS\system32\svchost.exe","svchost.exe","C:\WINDOWS\system32\svchost.exe -k netsvcs -p","53a39b900e3bfbf384acd13f0fc2329fa8d42b61e993d8ed5adf3a1428005d26","No security vendors flagged this file as malicious"
"Usługa symulacji percepcji systemu Windows (perceptionsimulation)","Stopped","Manual","C:\WINDOWS\system32\PerceptionSimulation\PerceptionSimulationService.exe","PerceptionSimulationService.exe","C:\WINDOWS\system32\PerceptionSimulation\PerceptionSimulationService.exe","e924c2d7beae4ecc0972ac477aeb1439f613fc5745af72b137332454273d3866","No security vendors flagged this file as malicious"
"Usługa synchronizacji czasu funkcji Hyper-V (vmictimesync)","Stopped","Manual","C:\WINDOWS\system32\svchost.exe","svchost.exe","C:\WINDOWS\system32\svchost.exe -k LocalServiceNetworkRestricted -p","53a39b900e3bfbf384acd13f0fc2329fa8d42b61e993d8ed5adf3a1428005d26","No security vendors flagged this file as malicious"
"Usługa systemu powiadomień WNS (WpnService)","Running","Automatic","C:\WINDOWS\system32\svchost.exe","svchost.exe","C:\WINDOWS\system32\svchost.exe -k netsvcs -p","53a39b900e3bfbf384acd13f0fc2329fa8d42b61e993d8ed5adf3a1428005d26","No security vendors flagged this file as malicious"
"Usługa szyfrowania dysków funkcją BitLocker (BDESVC)","Stopped","Manual","C:\WINDOWS\System32\svchost.exe","svchost.exe","C:\WINDOWS\System32\svchost.exe -k netsvcs -p","53a39b900e3bfbf384acd13f0fc2329fa8d42b61e993d8ed5adf3a1428005d26","No security vendors flagged this file as malicious"
"Usługa telefoniczna (PhoneSvc)","Stopped","Manual","C:\WINDOWS\system32\svchost.exe","svchost.exe","C:\WINDOWS\system32\svchost.exe -k LocalService -p","53a39b900e3bfbf384acd13f0fc2329fa8d42b61e993d8ed5adf3a1428005d26","No security vendors flagged this file as malicious"
"Usługa tożsamości w chmurze firmy Microsoft (cloudidsvc)","Stopped","Manual","C:\WINDOWS\system32\svchost.exe","svchost.exe","C:\WINDOWS\system32\svchost.exe -k CloudIdServiceGroup -p","53a39b900e3bfbf384acd13f0fc2329fa8d42b61e993d8ed5adf3a1428005d26","No security vendors flagged this file as malicious"
"Usługa trybu pokazowego (RetailDemo)","Stopped","Manual","C:\WINDOWS\System32\svchost.exe","svchost.exe","C:\WINDOWS\System32\svchost.exe -k rdxgroup","53a39b900e3bfbf384acd13f0fc2329fa8d42b61e993d8ed5adf3a1428005d26","No security vendors flagged this file as malicious"
"Usługa udostępniania danych (DsSvc)","Stopped","Manual","C:\WINDOWS\System32\svchost.exe","svchost.exe","C:\WINDOWS\System32\svchost.exe -k LocalSystemNetworkRestricted -p","53a39b900e3bfbf384acd13f0fc2329fa8d42b61e993d8ed5adf3a1428005d26","No security vendors flagged this file as malicious"
"Usługa udostępniania portów Net.Tcp (NetTcpPortSharing)","Running","Manual","C:\WINDOWS\Microsoft.NET\Framework64\v4.0.30319\SMSvcHost.exe","SMSvcHost.exe","C:\WINDOWS\Microsoft.NET\Framework64\v4.0.30319\SMSvcHost.exe","d4049183b485b44da95a359cf9dae14934aa95cfb542ee4721e7038e3f38c5b5","No security vendors flagged this file as malicious"
"Usługa udostępniania w sieci programu Windows Media Player (WMPNetworkSvc)","Stopped","Manual","C:\Program Files\Windows Media Player\wmpnetwk.exe","wmpnetwk.exe","C:\Program Files\Windows Media Player\wmpnetwk.exe","30609f4729f349e682abbfcbab12efc1b9b55393c06070a1bf17af83dda73170","No security vendors flagged this file as malicious"
"Usługa ulepszania wyświetlania (DisplayEnhancementService)","Running","Manual","C:\WINDOWS\system32\svchost.exe","svchost.exe","C:\WINDOWS\system32\svchost.exe -k LocalSystemNetworkRestricted -p","53a39b900e3bfbf384acd13f0fc2329fa8d42b61e993d8ed5adf3a1428005d26","No security vendors flagged this file as malicious"
"Usługa urządzeń interfejsu HID (hidserv)","Running","Manual","C:\WINDOWS\system32\svchost.exe","svchost.exe","C:\WINDOWS\system32\svchost.exe -k LocalSystemNetworkRestricted -p","53a39b900e3bfbf384acd13f0fc2329fa8d42b61e993d8ed5adf3a1428005d26","No security vendors flagged this file as malicious"
"Usługa użytkownika ConsentUX_eb1c3 (ConsentUxUserSvc_eb1c3)","Stopped","Manual","C:\WINDOWS\system32\svchost.exe","svchost.exe","C:\WINDOWS\system32\svchost.exe -k DevicesFlow","53a39b900e3bfbf384acd13f0fc2329fa8d42b61e993d8ed5adf3a1428005d26","No security vendors flagged this file as malicious"
"Usługa użytkownika DVR z gry i transmisja_eb1c3 (BcastDVRUserService_eb1c3)","Stopped","Manual","C:\WINDOWS\system32\svchost.exe","svchost.exe","C:\WINDOWS\system32\svchost.exe -k BcastDVRUserService","53a39b900e3bfbf384acd13f0fc2329fa8d42b61e993d8ed5adf3a1428005d26","No security vendors flagged this file as malicious"
"Usługa użytkownika platformy podłączonych urządzeń_eb1c3 (CDPUserSvc_eb1c3)","Running","Automatic","C:\WINDOWS\system32\svchost.exe","svchost.exe","C:\WINDOWS\system32\svchost.exe -k UnistackSvcGroup","53a39b900e3bfbf384acd13f0fc2329fa8d42b61e993d8ed5adf3a1428005d26","No security vendors flagged this file as malicious"
"Usługa użytkownika powiadomień WNS_eb1c3 (WpnUserService_eb1c3)","Running","Automatic","C:\WINDOWS\system32\svchost.exe","svchost.exe","C:\WINDOWS\system32\svchost.exe -k UnistackSvcGroup","53a39b900e3bfbf384acd13f0fc2329fa8d42b61e993d8ed5adf3a1428005d26","No security vendors flagged this file as malicious"
"Usługa użytkownika Schowek_eb1c3 (cbdhsvc_eb1c3)","Running","Automatic","C:\WINDOWS\system32\svchost.exe","svchost.exe","C:\WINDOWS\system32\svchost.exe -k ClipboardSvcGroup -p","53a39b900e3bfbf384acd13f0fc2329fa8d42b61e993d8ed5adf3a1428005d26","No security vendors flagged this file as malicious"
"Usługa użytkownika UDK_eb1c3 (UdkUserSvc_eb1c3)","Running","Manual","C:\WINDOWS\system32\svchost.exe","svchost.exe","C:\WINDOWS\system32\svchost.exe -k UdkSvcGroup","53a39b900e3bfbf384acd13f0fc2329fa8d42b61e993d8ed5adf3a1428005d26","No security vendors flagged this file as malicious"
"Usługa użytkownika Web Threat Defense_eb1c3 (webthreatdefusersvc_eb1c3)","Running","Automatic","C:\WINDOWS\system32\svchost.exe","svchost.exe","C:\WINDOWS\system32\svchost.exe -k LocalSystemNetworkRestricted -p","53a39b900e3bfbf384acd13f0fc2329fa8d42b61e993d8ed5adf3a1428005d26","No security vendors flagged this file as malicious"
"Usługa Web Threat Defense (webthreatdefsvc)","Stopped","Manual","C:\WINDOWS\system32\svchost.exe","svchost.exe","C:\WINDOWS\system32\svchost.exe -k WebThreatDefense -p","53a39b900e3bfbf384acd13f0fc2329fa8d42b61e993d8ed5adf3a1428005d26","No security vendors flagged this file as malicious"
"Usługa wiadomości_eb1c3 (MessagingService_eb1c3)","Stopped","Manual","C:\WINDOWS\system32\svchost.exe","svchost.exe","C:\WINDOWS\system32\svchost.exe -k UnistackSvcGroup","53a39b900e3bfbf384acd13f0fc2329fa8d42b61e993d8ed5adf3a1428005d26","No security vendors flagged this file as malicious"
"Usługa wirtualizacji pulpitu zdalnego funkcji Hyper-V (vmicrdv)","Stopped","Manual","C:\WINDOWS\system32\svchost.exe","svchost.exe","C:\WINDOWS\system32\svchost.exe -k ICService -p","53a39b900e3bfbf384acd13f0fc2329fa8d42b61e993d8ed5adf3a1428005d26","No security vendors flagged this file as malicious"
"Usługa wirtualizacji sieci (nvagent)","Running","Manual","C:\WINDOWS\system32\svchost.exe","svchost.exe","C:\WINDOWS\system32\svchost.exe -k NetSvcs","53a39b900e3bfbf384acd13f0fc2329fa8d42b61e993d8ed5adf3a1428005d26","No security vendors flagged this file as malicious"
"Usługa wyliczania urządzeń karty inteligentnej (ScDeviceEnum)","Stopped","Manual","C:\WINDOWS\system32\svchost.exe","svchost.exe","C:\WINDOWS\system32\svchost.exe -k LocalSystemNetworkRestricted","53a39b900e3bfbf384acd13f0fc2329fa8d42b61e993d8ed5adf3a1428005d26","No security vendors flagged this file as malicious"
"Usługa wymiany danych funkcji Hyper-V (vmickvpexchange)","Stopped","Manual","C:\WINDOWS\system32\svchost.exe","svchost.exe","C:\WINDOWS\system32\svchost.exe -k LocalSystemNetworkRestricted -p","53a39b900e3bfbf384acd13f0fc2329fa8d42b61e993d8ed5adf3a1428005d26","No security vendors flagged this file as malicious"
"Usługa Zabezpieczenia Windows (SecurityHealthService)","Stopped","Disabled","C:\WINDOWS\system32\SecurityHealthService.exe","SecurityHealthService.exe","C:\WINDOWS\system32\SecurityHealthService.exe","8b5bcd031d021c2243928ecb7df52c9cc1be0ab65f71ae69cc939fed266e9f11","No security vendors flagged this file as malicious"
"Usługa Zalecane kroki rozwiązywania problemów (TroubleshootingSvc)","Stopped","Manual","C:\WINDOWS\system32\svchost.exe","svchost.exe","C:\WINDOWS\system32\svchost.exe -k netsvcs -p","53a39b900e3bfbf384acd13f0fc2329fa8d42b61e993d8ed5adf3a1428005d26","No security vendors flagged this file as malicious"
"Usługa zamykania systemu gościa funkcji Hyper-V (vmicshutdown)","Stopped","Manual","C:\WINDOWS\system32\svchost.exe","svchost.exe","C:\WINDOWS\system32\svchost.exe -k LocalSystemNetworkRestricted -p","53a39b900e3bfbf384acd13f0fc2329fa8d42b61e993d8ed5adf3a1428005d26","No security vendors flagged this file as malicious"
"Usługa zarządzania aplikacjami w przedsiębiorstwach (EntAppSvc)","Stopped","Manual","C:\WINDOWS\system32\svchost.exe","svchost.exe","C:\WINDOWS\system32\svchost.exe -k appmodelRedirectionGuard -p","53a39b900e3bfbf384acd13f0fc2329fa8d42b61e993d8ed5adf3a1428005d26","No security vendors flagged this file as malicious"
"Usługa zarządzania radiem (RmSvc)","Running","Manual","C:\WINDOWS\System32\svchost.exe","svchost.exe","C:\WINDOWS\System32\svchost.exe -k LocalServiceNetworkRestricted","53a39b900e3bfbf384acd13f0fc2329fa8d42b61e993d8ed5adf3a1428005d26","No security vendors flagged this file as malicious"
"Usługa zarządzania systemu Windows (WManSvc)","Stopped","Manual","C:\WINDOWS\system32\svchost.exe","svchost.exe","C:\WINDOWS\system32\svchost.exe -k netsvcs -p","53a39b900e3bfbf384acd13f0fc2329fa8d42b61e993d8ed5adf3a1428005d26","No security vendors flagged this file as malicious"
"Usługa zarządzania wprowadzaniem tekstu (TextInputManagementService)","Running","Automatic","C:\WINDOWS\System32\svchost.exe","svchost.exe","C:\WINDOWS\System32\svchost.exe -k LocalSystemNetworkRestricted -p","53a39b900e3bfbf384acd13f0fc2329fa8d42b61e993d8ed5adf3a1428005d26","No security vendors flagged this file as malicious"
"Usługa zarządzania łącznością mobilną (McmSvc)","Stopped","Manual","C:\WINDOWS\system32\svchost.exe","svchost.exe","C:\WINDOWS\system32\svchost.exe -k McmSvc -p -s McmSvc","53a39b900e3bfbf384acd13f0fc2329fa8d42b61e993d8ed5adf3a1428005d26","No security vendors flagged this file as malicious"
"Usługa zasad diagnostyki (DPS)","Running","Automatic","C:\WINDOWS\System32\svchost.exe","svchost.exe","C:\WINDOWS\System32\svchost.exe -k LocalServiceNoNetwork -p","53a39b900e3bfbf384acd13f0fc2329fa8d42b61e993d8ed5adf3a1428005d26","No security vendors flagged this file as malicious"
"Usługa zasad wyświetlania (DispBrokerDesktopSvc)","Running","Automatic","C:\WINDOWS\system32\svchost.exe","svchost.exe","C:\WINDOWS\system32\svchost.exe -k LocalService -p","53a39b900e3bfbf384acd13f0fc2329fa8d42b61e993d8ed5adf3a1428005d26","No security vendors flagged this file as malicious"
"Usługi kryptograficzne (CryptSvc)","Running","Automatic","C:\WINDOWS\system32\svchost.exe","svchost.exe","C:\WINDOWS\system32\svchost.exe -k NetworkService -p","53a39b900e3bfbf384acd13f0fc2329fa8d42b61e993d8ed5adf3a1428005d26","No security vendors flagged this file as malicious"
"Usługi MIDI systemu Windows (midisrv)","Stopped","Manual","C:\WINDOWS\system32\midisrv.exe","midisrv.exe","C:\WINDOWS\system32\midisrv.exe","eb1249c83fc076c4f79393229d24569bd0bffd968898ebb6f60ad1b08f84409f","No security vendors flagged this file as malicious"
"Usługi pulpitu zdalnego (TermService)","Stopped","Manual","C:\WINDOWS\System32\svchost.exe","svchost.exe","C:\WINDOWS\System32\svchost.exe -k NetworkService","53a39b900e3bfbf384acd13f0fc2329fa8d42b61e993d8ed5adf3a1428005d26","No security vendors flagged this file as malicious"
"VirtualBox system service (VBoxSDS)","Stopped","Manual","C:\Program Files\Oracle\VirtualBox\VBoxSDS.exe","VBoxSDS.exe","C:\Program Files\Oracle\VirtualBox\VBoxSDS.exe","e93b3a4aff9fcd3600d243f751c514142622ca73d60bdb3c0f4472e91acb8443","No security vendors flagged this file as malicious"
"WaaSMedicSvc (WaaSMedicSvc)","Stopped","Manual","C:\WINDOWS\system32\svchost.exe","svchost.exe","C:\WINDOWS\system32\svchost.exe -k wusvcs -p","53a39b900e3bfbf384acd13f0fc2329fa8d42b61e993d8ed5adf3a1428005d26","No security vendors flagged this file as malicious"
"Warp JIT Service (WarpJITSvc)","Stopped","Manual","C:\WINDOWS\System32\svchost.exe","svchost.exe","C:\WINDOWS\System32\svchost.exe -k LocalServiceNetworkRestricted","53a39b900e3bfbf384acd13f0fc2329fa8d42b61e993d8ed5adf3a1428005d26","No security vendors flagged this file as malicious"
"Waves Audio Services (WavesSysSvc)","Running","Automatic","C:\Program Files\Waves\MaxxAudio\WavesSysSvc64.exe","WavesSysSvc64.exe","C:\Program Files\Waves\MaxxAudio\WavesSysSvc64.exe","52b2d74edea07a59914131c8b83a3607e29c9377881f053d7307f16ecd7f8189","No security vendors flagged this file as malicious"
"WebClient (WebClient)","Stopped","Manual","C:\WINDOWS\system32\svchost.exe","svchost.exe","C:\WINDOWS\system32\svchost.exe -k LocalService -p","53a39b900e3bfbf384acd13f0fc2329fa8d42b61e993d8ed5adf3a1428005d26","No security vendors flagged this file as malicious"
"Weryfikator punktowy (svsvc)","Stopped","Manual","C:\WINDOWS\system32\svchost.exe","svchost.exe","C:\WINDOWS\system32\svchost.exe -k LocalSystemNetworkRestricted -p","53a39b900e3bfbf384acd13f0fc2329fa8d42b61e993d8ed5adf3a1428005d26","No security vendors flagged this file as malicious"
"Wewnętrzna usługa Aktualizatora Google (GoogleUpdaterInternalService144.0.7547.0) (GoogleUpdaterInternalService144.0.7547.0)","Stopped","Automatic","C:\Program Files (x86)\Google\GoogleUpdater\144.0.7547.0\updater.exe","updater.exe","C:\Program Files (x86)\Google\GoogleUpdater\144.0.7547.0\updater.exe --system --windows-service --service=update-internal","320f6790e928200c76f9b0208485a86fc08fdb0c51f57a93b2903212353ecd2e","Rate limit hit (HTTP 429) - try again later"
"Windows Audio (Audiosrv)","Running","Automatic","C:\WINDOWS\System32\svchost.exe","svchost.exe","C:\WINDOWS\System32\svchost.exe -k LocalServiceNetworkRestricted -p","53a39b900e3bfbf384acd13f0fc2329fa8d42b61e993d8ed5adf3a1428005d26","No security vendors flagged this file as malicious"
"Windows Image Acquisition (WIA) (StiSvc)","Running","Automatic","C:\WINDOWS\system32\svchost.exe","svchost.exe","C:\WINDOWS\system32\svchost.exe -k imgsvc","53a39b900e3bfbf384acd13f0fc2329fa8d42b61e993d8ed5adf3a1428005d26","No security vendors flagged this file as malicious"
"Windows Search (WSearch)","Running","Automatic","C:\WINDOWS\system32\SearchIndexer.exe","SearchIndexer.exe","C:\WINDOWS\system32\SearchIndexer.exe /Embedding","60c44b6d9a437dc572f4c520c12bba4b2488bfa7168c0bfb241b08e0742094e2","No security vendors flagged this file as malicious"
"Windows Time (W32Time)","Running","Automatic","C:\WINDOWS\system32\svchost.exe","svchost.exe","C:\WINDOWS\system32\svchost.exe -k LocalService","53a39b900e3bfbf384acd13f0fc2329fa8d42b61e993d8ed5adf3a1428005d26","No security vendors flagged this file as malicious"
"Windows Update (wuauserv)","Stopped","Manual","C:\WINDOWS\system32\svchost.exe","svchost.exe","C:\WINDOWS\system32\svchost.exe -k netsvcs -p","53a39b900e3bfbf384acd13f0fc2329fa8d42b61e993d8ed5adf3a1428005d26","No security vendors flagged this file as malicious"
"WSAIFabricSvc (WSAIFabricSvc)","Running","Automatic","C:\WINDOWS\system32\svchost.exe","svchost.exe","C:\WINDOWS\system32\svchost.exe -k WSAIFabricSvcGroup -p","53a39b900e3bfbf384acd13f0fc2329fa8d42b61e993d8ed5adf3a1428005d26","No security vendors flagged this file as malicious"
"Wykrywanie sprzętu powłoki (ShellHWDetection)","Running","Automatic","C:\WINDOWS\System32\svchost.exe","svchost.exe","C:\WINDOWS\System32\svchost.exe -k netsvcs -p","53a39b900e3bfbf384acd13f0fc2329fa8d42b61e993d8ed5adf3a1428005d26","No security vendors flagged this file as malicious"
"Xbox Accessory Management Service (XboxGipSvc)","Stopped","Manual","C:\WINDOWS\system32\svchost.exe","svchost.exe","C:\WINDOWS\system32\svchost.exe -k netsvcs -p","53a39b900e3bfbf384acd13f0fc2329fa8d42b61e993d8ed5adf3a1428005d26","No security vendors flagged this file as malicious"
"Zadeklarowana usługa konfiguracji (DC) (dcsvc)","Stopped","Manual","C:\WINDOWS\system32\svchost.exe","svchost.exe","C:\WINDOWS\system32\svchost.exe -k netsvcs -p","53a39b900e3bfbf384acd13f0fc2329fa8d42b61e993d8ed5adf3a1428005d26","No security vendors flagged this file as malicious"
"Zapisywanie gier Xbox Live (XblGameSave)","Stopped","Manual","C:\WINDOWS\system32\svchost.exe","svchost.exe","C:\WINDOWS\system32\svchost.exe -k netsvcs -p","53a39b900e3bfbf384acd13f0fc2329fa8d42b61e993d8ed5adf3a1428005d26","No security vendors flagged this file as malicious"
"Zapora Windows Defender (mpssvc)","Running","Automatic","C:\WINDOWS\system32\svchost.exe","svchost.exe","C:\WINDOWS\system32\svchost.exe -k LocalServiceNoNetworkFirewall -p","53a39b900e3bfbf384acd13f0fc2329fa8d42b61e993d8ed5adf3a1428005d26","No security vendors flagged this file as malicious"
"Zarządzanie aplikacjami (AppMgmt)","Stopped","Manual","C:\WINDOWS\system32\svchost.exe","svchost.exe","C:\WINDOWS\system32\svchost.exe -k netsvcs -p","53a39b900e3bfbf384acd13f0fc2329fa8d42b61e993d8ed5adf3a1428005d26","No security vendors flagged this file as malicious"
"Zarządzanie warstwami magazynowania (TieringEngineService)","Stopped","Manual","C:\WINDOWS\system32\TieringEngineService.exe","TieringEngineService.exe","C:\WINDOWS\system32\TieringEngineService.exe","fdc11ae54a5caf8819b487651ed63eb72d8475c34d60b3403867f27e028642bf","No security vendors flagged this file as malicious"
"Zasady usuwania karty inteligentnej (SCPolicySvc)","Stopped","Manual","C:\WINDOWS\system32\svchost.exe","svchost.exe","C:\WINDOWS\system32\svchost.exe -k netsvcs","53a39b900e3bfbf384acd13f0fc2329fa8d42b61e993d8ed5adf3a1428005d26","No security vendors flagged this file as malicious"
"Zasilanie (Power)","Running","Automatic","C:\WINDOWS\system32\svchost.exe","svchost.exe","C:\WINDOWS\system32\svchost.exe -k DcomLaunch -p","53a39b900e3bfbf384acd13f0fc2329fa8d42b61e993d8ed5adf3a1428005d26","No security vendors flagged this file as malicious"
"Zdalne wywoływanie procedur (RPC) (RpcSs)","Running","Automatic","C:\WINDOWS\system32\svchost.exe","svchost.exe","C:\WINDOWS\system32\svchost.exe -k rpcss -p","53a39b900e3bfbf384acd13f0fc2329fa8d42b61e993d8ed5adf3a1428005d26","No security vendors flagged this file as malicious"
"Zdalne zarządzanie systemem Windows (WS-Management) (WinRM)","Stopped","Manual","C:\WINDOWS\System32\svchost.exe","svchost.exe","C:\WINDOWS\System32\svchost.exe -k NetworkService -p","53a39b900e3bfbf384acd13f0fc2329fa8d42b61e993d8ed5adf3a1428005d26","No security vendors flagged this file as malicious"
"Zdarzenia pozyskiwania obrazów nieruchomych (WiaRpc)","Stopped","Manual","C:\WINDOWS\system32\svchost.exe","svchost.exe","C:\WINDOWS\system32\svchost.exe -k LocalSystemNetworkRestricted -p","53a39b900e3bfbf384acd13f0fc2329fa8d42b61e993d8ed5adf3a1428005d26","No security vendors flagged this file as malicious"
"Zużycie danych (DusmSvc)","Running","Automatic","C:\WINDOWS\System32\svchost.exe","svchost.exe","C:\WINDOWS\System32\svchost.exe -k LocalServiceNetworkRestricted -p -s DusmSvc","53a39b900e3bfbf384acd13f0fc2329fa8d42b61e993d8ed5adf3a1428005d26","No security vendors flagged this file as malicious"
"Środowiska i telemetria połączonego użytkownika (DiagTrack)","Running","Automatic","C:\WINDOWS\System32\svchost.exe","svchost.exe","C:\WINDOWS\System32\svchost.exe -k utcsvc -p","53a39b900e3bfbf384acd13f0fc2329fa8d42b61e993d8ed5adf3a1428005d26","No security vendors flagged this file as malicious"
